column_0,column_1,column_2,column_3,column_4,column_5,column_6,column_7,column_8,column_9,column_10,column_11,column_12,column_13,column_14,column_15,column_16,column_17,column_18,column_19,column_20,column_21,column_22,column_23,column_24,column_25,column_26,column_27,column_28,column_29,column_30,column_31,column_32,column_33,column_34,column_35,column_36,column_37,column_38,column_39,column_40,column_41,column_42,column_43,column_44,column_45,column_46,column_47,column_48,column_49,column_50,column_51,column_52,column_53,column_54,column_55,column_56,column_57,column_58,column_59,column_60,column_61,column_62,column_63,column_64,column_65,column_66,column_67,column_68,column_69,column_70,column_71,column_72,column_73,column_74,column_75,column_76,column_77,column_78,column_79,column_80,column_81,column_82,column_83,column_84,column_85,column_86,column_87,column_88,column_89,column_90,column_91,column_92,column_93,column_94,column_95,column_96,column_97,column_98,column_99
0,Grace,frank@example.com,25,New York,field_0_5,field_0_6,field_0_7,field_0_8,field_0_9,field_0_10,field_0_11,field_0_12,field_0_13,field_0_14,field_0_15,field_0_16,field_0_17,field_0_18,field_0_19,field_0_20,field_0_21,field_0_22,field_0_23,field_0_24,field_0_25,field_0_26,field_0_27,field_0_28,field_0_29,field_0_30,field_0_31,field_0_32,field_0_33,field_0_34,field_0_35,field_0_36,field_0_37,field_0_38,field_0_39,field_0_40,field_0_41,field_0_42,field_0_43,field_0_44,field_0_45,field_0_46,field_0_47,field_0_48,field_0_49,field_0_50,field_0_51,field_0_52,field_0_53,field_0_54,field_0_55,field_0_56,field_0_57,field_0_58,field_0_59,field_0_60,field_0_61,field_0_62,field_0_63,field_0_64,field_0_65,field_0_66,москва,field_0_68,field_0_69,field_0_70,field_0_71,field_0_72,field_0_73,field_0_74,field_0_75,field_0_76,field_0_77,field_0_78,field_0_79,field_0_80,field_0_81,field_0_82,field_0_83,field_0_84,field_0_85,field_0_86,field_0_87,field_0_88,field_0_89,field_0_90,field_0_91,field_0_92,field_0_93,field_0_94,field_0_95,field_0_96,field_0_97,field_0_98,field_0_99
1,Grace,diana@example.com,26,Sydney,field_1_5,field_1_6,field_1_7,field_1_8,field_1_9,field_1_10,field_1_11,field_1_12,field_1_13,field_1_14,field_1_15,field_1_16,field_1_17,field_1_18,field_1_19,field_1_20,field_1_21,field_1_22,field_1_23,field_1_24,field_1_25,field_1_26,field_1_27,field_1_28,field_1_29,field_1_30,field_1_31,field_1_32,field_1_33,field_1_34,field_1_35,field_1_36,field_1_37,field_1_38,field_1_39,field_1_40,field_1_41,field_1_42,field_1_43,field_1_44,field_1_45,field_1_46,field_1_47,field_1_48,field_1_49,field_1_50,field_1_51,field_1_52,field_1_53,field_1_54,field_1_55,field_1_56,field_1_57,field_1_58,field_1_59,field_1_60,field_1_61,field_1_62,field_1_63,field_1_64,field_1_65,field_1_66,field_1_67,field_1_68,field_1_69,field_1_70,field_1_71,field_1_72,field_1_73,field_1_74,field_1_75,field_1_76,field_1_77,field_1_78,field_1_79,field_1_80,field_1_81,field_1_82,field_1_83,field_1_84,field_1_85,field_1_86,field_1_87,field_1_88,field_1_89,field_1_90,field_1_91,field_1_92,field_1_93,field_1_94,field_1_95,field_1_96,field_1_97,field_1_98,field_1_99
2,Diana,charlie@example.com,27,São Paulo,field_2_5,field_2_6,field_2_7,field_2_8,field_2_9,field_2_10,field_2_11,field_2_12,field_2_13,field_2_14,field_2_15,field_2_16,field_2_17,field_2_18,field_2_19,field_2_20,field_2_21,field_2_22,field_2_23,field_2_24,field_2_25,field_2_26,field_2_27,field_2_28,field_2_29,field_2_30,field_2_31,field_2_32,field_2_33,field_2_34,field_2_35,field_2_36,field_2_37,field_2_38,field_2_39,field_2_40,field_2_41,field_2_42,field_2_43,field_2_44,field_2_45,field_2_46,field_2_47,field_2_48,field_2_49,field_2_50,field_2_51,field_2_52,field_2_53,field_2_54,field_2_55,field_2_56,field_2_57,field_2_58,field_2_59,field_2_60,field_2_61,field_2_62,field_2_63,field_2_64,field_2_65,field_2_66,field_2_67,field_2_68,field_2_69,field_2_70,field_2_71,field_2_72,field_2_73,field_2_74,field_2_75,field_2_76,field_2_77,field_2_78,field_2_79,field_2_80,field_2_81,field_2_82,field_2_83,field_2_84,field_2_85,field_2_86,field_2_87,field_2_88,field_2_89,field_2_90,field_2_91,field_2_92,field_2_93,field_2_94,field_2_95,field_2_96,field_2_97,field_2_98,field_2_99
3,Charlie,diana@example.com,28,Berlin,field_3_5,field_3_6,field_3_7,field_3_8,field_3_9,field_3_10,field_3_11,field_3_12,field_3_13,field_3_14,field_3_15,field_3_16,field_3_17,field_3_18,field_3_19,field_3_20,field_3_21,field_3_22,field_3_23,field_3_24,field_3_25,field_3_26,field_3_27,field_3_28,field_3_29,field_3_30,field_3_31,field_3_32,field_3_33,field_3_34,field_3_35,field_3_36,field_3_37,field_3_38,field_3_39,field_3_40,field_3_41,field_3_42,field_3_43,field_3_44,field_3_45,field_3_46,field_3_47,field_3_48,field_3_49,field_3_50,field_3_51,field_3_52,field_3_53,field_3_54,field_3_55,field_3_56,field_3_57,field_3_58,field_3_59,field_3_60,field_3_61,field_3_62,field_3_63,field_3_64,field_3_65,field_3_66,field_3_67,field_3_68,field_3_69,field_3_70,field_3_71,field_3_72,field_3_73,field_3_74,field_3_75,field_3_76,field_3_77,field_3_78,field_3_79,field_3_80,field_3_81,field_3_82,field_3_83,field_3_84,résumé,field_3_86,field_3_87,field_3_88,field_3_89,field_3_90,field_3_91,field_3_92,field_3_93,field_3_94,field_3_95,field_3_96,field_3_97,field_3_98,field_3_99
4,Bob,charlie@example.com,29,Tokyo,field_4_5,field_4_6,field_4_7,field_4_8,field_4_9,field_4_10,field_4_11,field_4_12,field_4_13,field_4_14,field_4_15,field_4_16,field_4_17,field_4_18,field_4_19,field_4_20,field_4_21,field_4_22,field_4_23,field_4_24,field_4_25,field_4_26,field_4_27,field_4_28,field_4_29,field_4_30,field_4_31,field_4_32,field_4_33,field_4_34,field_4_35,field_4_36,field_4_37,field_4_38,field_4_39,field_4_40,field_4_41,field_4_42,field_4_43,field_4_44,field_4_45,field_4_46,field_4_47,field_4_48,field_4_49,field_4_50,field_4_51,field_4_52,field_4_53,field_4_54,field_4_55,field_4_56,field_4_57,field_4_58,field_4_59,field_4_60,field_4_61,field_4_62,field_4_63,field_4_64,field_4_65,field_4_66,field_4_67,field_4_68,field_4_69,field_4_70,field_4_71,field_4_72,field_4_73,field_4_74,field_4_75,field_4_76,field_4_77,field_4_78,field_4_79,field_4_80,field_4_81,field_4_82,🚀,field_4_84,field_4_85,field_4_86,field_4_87,field_4_88,field_4_89,field_4_90,field_4_91,naïve,field_4_93,field_4_94,field_4_95,field_4_96,field_4_97,field_4_98,field_4_99
5,Alice,grace@example.com,30,São Paulo,field_5_5,field_5_6,field_5_7,field_5_8,field_5_9,field_5_10,field_5_11,field_5_12,field_5_13,field_5_14,field_5_15,field_5_16,field_5_17,field_5_18,field_5_19,field_5_20,field_5_21,field_5_22,field_5_23,field_5_24,field_5_25,field_5_26,field_5_27,field_5_28,field_5_29,field_5_30,field_5_31,field_5_32,field_5_33,field_5_34,field_5_35,москва,field_5_37,field_5_38,field_5_39,field_5_40,field_5_41,field_5_42,field_5_43,field_5_44,field_5_45,field_5_46,field_5_47,field_5_48,field_5_49,field_5_50,field_5_51,field_5_52,field_5_53,field_5_54,field_5_55,field_5_56,field_5_57,field_5_58,field_5_59,field_5_60,field_5_61,field_5_62,field_5_63,field_5_64,field_5_65,field_5_66,field_5_67,field_5_68,field_5_69,field_5_70,field_5_71,field_5_72,field_5_73,field_5_74,field_5_75,field_5_76,🚀,field_5_78,field_5_79,field_5_80,field_5_81,field_5_82,field_5_83,field_5_84,field_5_85,field_5_86,field_5_87,field_5_88,field_5_89,field_5_90,field_5_91,field_5_92,field_5_93,field_5_94,field_5_95,field_5_96,field_5_97,field_5_98,field_5_99
6,Alice,bob@example.com,31,New York,field_6_5,field_6_6,field_6_7,🚀,field_6_9,field_6_10,field_6_11,field_6_12,field_6_13,field_6_14,field_6_15,field_6_16,field_6_17,field_6_18,field_6_19,field_6_20,field_6_21,field_6_22,field_6_23,field_6_24,field_6_25,field_6_26,field_6_27,field_6_28,field_6_29,field_6_30,field_6_31,field_6_32,field_6_33,field_6_34,field_6_35,field_6_36,field_6_37,field_6_38,field_6_39,field_6_40,field_6_41,field_6_42,field_6_43,field_6_44,field_6_45,field_6_46,field_6_47,field_6_48,field_6_49,field_6_50,field_6_51,field_6_52,field_6_53,field_6_54,field_6_55,field_6_56,field_6_57,field_6_58,field_6_59,field_6_60,field_6_61,field_6_62,field_6_63,field_6_64,field_6_65,field_6_66,field_6_67,field_6_68,field_6_69,field_6_70,field_6_71,field_6_72,field_6_73,field_6_74,field_6_75,field_6_76,field_6_77,field_6_78,field_6_79,field_6_80,field_6_81,field_6_82,field_6_83,café,field_6_85,field_6_86,field_6_87,field_6_88,Zürich,field_6_90,field_6_91,field_6_92,field_6_93,field_6_94,field_6_95,field_6_96,field_6_97,field_6_98,field_6_99
7,Charlie,frank@example.com,32,London,field_7_5,field_7_6,field_7_7,field_7_8,field_7_9,field_7_10,field_7_11,field_7_12,field_7_13,field_7_14,field_7_15,field_7_16,field_7_17,field_7_18,field_7_19,field_7_20,field_7_21,field_7_22,field_7_23,field_7_24,field_7_25,field_7_26,field_7_27,field_7_28,field_7_29,field_7_30,field_7_31,field_7_32,field_7_33,field_7_34,field_7_35,field_7_36,field_7_37,field_7_38,field_7_39,field_7_40,field_7_41,field_7_42,field_7_43,field_7_44,field_7_45,field_7_46,field_7_47,field_7_48,field_7_49,field_7_50,field_7_51,field_7_52,field_7_53,field_7_54,field_7_55,field_7_56,field_7_57,field_7_58,field_7_59,field_7_60,field_7_61,field_7_62,field_7_63,field_7_64,field_7_65,field_7_66,field_7_67,field_7_68,field_7_69,field_7_70,field_7_71,field_7_72,field_7_73,field_7_74,field_7_75,field_7_76,🚀,field_7_78,field_7_79,field_7_80,field_7_81,field_7_82,field_7_83,field_7_84,field_7_85,field_7_86,field_7_87,field_7_88,field_7_89,field_7_90,field_7_91,field_7_92,field_7_93,field_7_94,field_7_95,field_7_96,field_7_97,field_7_98,field_7_99
8,Frank,alice@example.com,33,Sydney,field_8_5,field_8_6,field_8_7,field_8_8,field_8_9,field_8_10,field_8_11,field_8_12,field_8_13,field_8_14,field_8_15,field_8_16,field_8_17,field_8_18,field_8_19,field_8_20,field_8_21,field_8_22,field_8_23,field_8_24,field_8_25,field_8_26,field_8_27,field_8_28,field_8_29,field_8_30,field_8_31,field_8_32,field_8_33,field_8_34,field_8_35,🚀,field_8_37,field_8_38,field_8_39,field_8_40,field_8_41,field_8_42,field_8_43,field_8_44,field_8_45,field_8_46,field_8_47,field_8_48,field_8_49,field_8_50,field_8_51,field_8_52,field_8_53,field_8_54,field_8_55,field_8_56,field_8_57,field_8_58,field_8_59,field_8_60,field_8_61,field_8_62,field_8_63,field_8_64,naïve,field_8_66,field_8_67,field_8_68,field_8_69,field_8_70,field_8_71,field_8_72,field_8_73,field_8_74,field_8_75,field_8_76,field_8_77,field_8_78,field_8_79,field_8_80,field_8_81,field_8_82,café,field_8_84,field_8_85,field_8_86,field_8_87,field_8_88,field_8_89,field_8_90,field_8_91,field_8_92,field_8_93,field_8_94,field_8_95,field_8_96,field_8_97,field_8_98,field_8_99
9,Grace,eve@example.com,34,London,field_9_5,field_9_6,field_9_7,field_9_8,field_9_9,field_9_10,field_9_11,field_9_12,field_9_13,field_9_14,field_9_15,naïve,field_9_17,field_9_18,field_9_19,field_9_20,field_9_21,field_9_22,field_9_23,field_9_24,field_9_25,field_9_26,field_9_27,field_9_28,field_9_29,field_9_30,field_9_31,field_9_32,field_9_33,field_9_34,field_9_35,field_9_36,field_9_37,field_9_38,field_9_39,field_9_40,field_9_41,field_9_42,field_9_43,field_9_44,field_9_45,field_9_46,field_9_47,field_9_48,field_9_49,field_9_50,field_9_51,field_9_52,field_9_53,field_9_54,field_9_55,field_9_56,field_9_57,field_9_58,field_9_59,field_9_60,field_9_61,field_9_62,field_9_63,field_9_64,field_9_65,field_9_66,field_9_67,field_9_68,field_9_69,field_9_70,field_9_71,field_9_72,field_9_73,field_9_74,field_9_75,field_9_76,field_9_77,field_9_78,field_9_79,field_9_80,field_9_81,field_9_82,field_9_83,field_9_84,field_9_85,field_9_86,field_9_87,field_9_88,field_9_89,field_9_90,field_9_91,field_9_92,field_9_93,field_9_94,field_9_95,résumé,field_9_97,field_9_98,field_9_99
10,Bob,bob@example.com,35,Sydney,field_10_5,field_10_6,field_10_7,field_10_8,field_10_9,field_10_10,field_10_11,field_10_12,field_10_13,field_10_14,field_10_15,field_10_16,field_10_17,field_10_18,field_10_19,field_10_20,field_10_21,field_10_22,field_10_23,field_10_24,field_10_25,field_10_26,field_10_27,field_10_28,field_10_29,field_10_30,field_10_31,field_10_32,field_10_33,field_10_34,field_10_35,field_10_36,field_10_37,field_10_38,field_10_39,field_10_40,field_10_41,field_10_42,field_10_43,field_10_44,field_10_45,field_10_46,field_10_47,field_10_48,field_10_49,field_10_50,field_10_51,field_10_52,field_10_53,field_10_54,field_10_55,field_10_56,field_10_57,field_10_58,field_10_59,field_10_60,field_10_61,field_10_62,field_10_63,field_10_64,field_10_65,field_10_66,field_10_67,field_10_68,field_10_69,field_10_70,field_10_71,field_10_72,field_10_73,field_10_74,field_10_75,field_10_76,field_10_77,field_10_78,field_10_79,field_10_80,field_10_81,field_10_82,field_10_83,field_10_84,field_10_85,field_10_86,field_10_87,field_10_88,field_10_89,field_10_90,field_10_91,field_10_92,field_10_93,field_10_94,field_10_95,field_10_96,field_10_97,field_10_98,field_10_99
11,résumé,charlie@example.com,36,New York,field_11_5,field_11_6,field_11_7,field_11_8,field_11_9,field_11_10,field_11_11,field_11_12,field_11_13,field_11_14,field_11_15,field_11_16,field_11_17,field_11_18,field_11_19,field_11_20,field_11_21,field_11_22,field_11_23,field_11_24,field_11_25,field_11_26,field_11_27,field_11_28,field_11_29,field_11_30,field_11_31,field_11_32,field_11_33,field_11_34,field_11_35,field_11_36,field_11_37,field_11_38,field_11_39,field_11_40,field_11_41,field_11_42,field_11_43,field_11_44,field_11_45,field_11_46,field_11_47,field_11_48,field_11_49,field_11_50,field_11_51,field_11_52,field_11_53,field_11_54,field_11_55,field_11_56,field_11_57,field_11_58,field_11_59,field_11_60,field_11_61,東京,field_11_63,field_11_64,field_11_65,field_11_66,field_11_67,field_11_68,field_11_69,field_11_70,field_11_71,field_11_72,field_11_73,field_11_74,field_11_75,field_11_76,field_11_77,🚀,field_11_79,field_11_80,field_11_81,field_11_82,field_11_83,field_11_84,field_11_85,field_11_86,field_11_87,field_11_88,field_11_89,field_11_90,field_11_91,field_11_92,field_11_93,field_11_94,field_11_95,field_11_96,field_11_97,field_11_98,field_11_99
12,Charlie,charlie@example.com,37,New York,field_12_5,field_12_6,field_12_7,field_12_8,field_12_9,field_12_10,field_12_11,field_12_12,field_12_13,field_12_14,field_12_15,field_12_16,field_12_17,field_12_18,field_12_19,field_12_20,field_12_21,field_12_22,東京,field_12_24,field_12_25,field_12_26,field_12_27,field_12_28,field_12_29,field_12_30,field_12_31,field_12_32,field_12_33,field_12_34,field_12_35,field_12_36,field_12_37,field_12_38,field_12_39,field_12_40,field_12_41,field_12_42,field_12_43,東京,field_12_45,field_12_46,field_12_47,field_12_48,field_12_49,field_12_50,field_12_51,field_12_52,field_12_53,field_12_54,field_12_55,field_12_56,field_12_57,field_12_58,field_12_59,field_12_60,field_12_61,field_12_62,field_12_63,field_12_64,field_12_65,field_12_66,field_12_67,field_12_68,field_12_69,field_12_70,field_12_71,field_12_72,field_12_73,field_12_74,field_12_75,field_12_76,field_12_77,field_12_78,field_12_79,field_12_80,field_12_81,field_12_82,field_12_83,field_12_84,field_12_85,field_12_86,field_12_87,field_12_88,field_12_89,field_12_90,field_12_91,field_12_92,field_12_93,field_12_94,field_12_95,field_12_96,field_12_97,field_12_98,field_12_99
13,Diana,diana@example.com,38,New York,field_13_5,field_13_6,field_13_7,field_13_8,field_13_9,field_13_10,field_13_11,field_13_12,field_13_13,field_13_14,field_13_15,field_13_16,field_13_17,field_13_18,field_13_19,field_13_20,field_13_21,field_13_22,field_13_23,field_13_24,field_13_25,field_13_26,field_13_27,field_13_28,field_13_29,field_13_30,field_13_31,field_13_32,field_13_33,field_13_34,field_13_35,field_13_36,field_13_37,field_13_38,field_13_39,field_13_40,field_13_41,field_13_42,field_13_43,field_13_44,field_13_45,field_13_46,field_13_47,field_13_48,field_13_49,field_13_50,field_13_51,field_13_52,field_13_53,field_13_54,field_13_55,field_13_56,field_13_57,field_13_58,field_13_59,field_13_60,field_13_61,field_13_62,field_13_63,field_13_64,field_13_65,field_13_66,field_13_67,field_13_68,field_13_69,field_13_70,field_13_71,field_13_72,field_13_73,field_13_74,field_13_75,field_13_76,field_13_77,field_13_78,field_13_79,field_13_80,field_13_81,field_13_82,field_13_83,field_13_84,field_13_85,field_13_86,field_13_87,field_13_88,field_13_89,field_13_90,field_13_91,field_13_92,field_13_93,field_13_94,field_13_95,field_13_96,field_13_97,field_13_98,field_13_99
14,🚀,charlie@example.com,39,Paris,field_14_5,field_14_6,field_14_7,field_14_8,field_14_9,field_14_10,field_14_11,field_14_12,field_14_13,field_14_14,field_14_15,field_14_16,field_14_17,field_14_18,field_14_19,field_14_20,field_14_21,field_14_22,field_14_23,field_14_24,field_14_25,field_14_26,field_14_27,field_14_28,field_14_29,field_14_30,field_14_31,field_14_32,field_14_33,field_14_34,field_14_35,field_14_36,field_14_37,field_14_38,field_14_39,field_14_40,naïve,field_14_42,field_14_43,field_14_44,field_14_45,field_14_46,field_14_47,field_14_48,field_14_49,field_14_50,field_14_51,field_14_52,field_14_53,field_14_54,field_14_55,field_14_56,field_14_57,field_14_58,field_14_59,field_14_60,field_14_61,field_14_62,field_14_63,field_14_64,field_14_65,field_14_66,field_14_67,field_14_68,field_14_69,field_14_70,field_14_71,field_14_72,field_14_73,field_14_74,field_14_75,field_14_76,café,field_14_78,field_14_79,field_14_80,field_14_81,field_14_82,field_14_83,field_14_84,field_14_85,field_14_86,field_14_87,field_14_88,field_14_89,field_14_90,field_14_91,field_14_92,field_14_93,field_14_94,field_14_95,field_14_96,field_14_97,field_14_98,field_14_99
15,Charlie,grace@example.com,40,London,field_15_5,field_15_6,field_15_7,field_15_8,field_15_9,field_15_10,field_15_11,field_15_12,field_15_13,Zürich,field_15_15,field_15_16,field_15_17,field_15_18,field_15_19,field_15_20,field_15_21,field_15_22,field_15_23,field_15_24,field_15_25,field_15_26,field_15_27,field_15_28,field_15_29,field_15_30,field_15_31,field_15_32,field_15_33,field_15_34,field_15_35,field_15_36,field_15_37,field_15_38,field_15_39,field_15_40,field_15_41,field_15_42,field_15_43,field_15_44,field_15_45,field_15_46,field_15_47,field_15_48,field_15_49,field_15_50,field_15_51,field_15_52,field_15_53,field_15_54,field_15_55,field_15_56,field_15_57,field_15_58,field_15_59,field_15_60,field_15_61,field_15_62,field_15_63,field_15_64,field_15_65,field_15_66,field_15_67,field_15_68,field_15_69,field_15_70,field_15_71,field_15_72,field_15_73,field_15_74,field_15_75,field_15_76,field_15_77,field_15_78,field_15_79,field_15_80,field_15_81,field_15_82,field_15_83,field_15_84,field_15_85,field_15_86,field_15_87,field_15_88,field_15_89,field_15_90,field_15_91,field_15_92,field_15_93,field_15_94,field_15_95,field_15_96,field_15_97,field_15_98,field_15_99
16,Eve,diana@example.com,41,Paris,field_16_5,field_16_6,field_16_7,field_16_8,field_16_9,field_16_10,field_16_11,field_16_12,field_16_13,field_16_14,field_16_15,field_16_16,field_16_17,field_16_18,field_16_19,field_16_20,field_16_21,field_16_22,field_16_23,field_16_24,field_16_25,field_16_26,field_16_27,field_16_28,field_16_29,field_16_30,москва,field_16_32,field_16_33,field_16_34,field_16_35,field_16_36,field_16_37,field_16_38,field_16_39,field_16_40,🚀,field_16_42,field_16_43,field_16_44,field_16_45,field_16_46,field_16_47,field_16_48,field_16_49,field_16_50,field_16_51,field_16_52,field_16_53,field_16_54,field_16_55,field_16_56,field_16_57,field_16_58,field_16_59,field_16_60,field_16_61,field_16_62,field_16_63,field_16_64,field_16_65,field_16_66,field_16_67,field_16_68,field_16_69,field_16_70,field_16_71,field_16_72,field_16_73,field_16_74,field_16_75,field_16_76,field_16_77,field_16_78,field_16_79,field_16_80,field_16_81,résumé,field_16_83,field_16_84,field_16_85,field_16_86,field_16_87,field_16_88,field_16_89,field_16_90,field_16_91,field_16_92,field_16_93,field_16_94,field_16_95,field_16_96,field_16_97,field_16_98,field_16_99
17,Alice,charlie@example.com,42,São Paulo,field_17_5,field_17_6,field_17_7,field_17_8,field_17_9,field_17_10,field_17_11,field_17_12,field_17_13,field_17_14,field_17_15,field_17_16,field_17_17,field_17_18,field_17_19,field_17_20,field_17_21,field_17_22,field_17_23,field_17_24,field_17_25,field_17_26,field_17_27,naïve,field_17_29,field_17_30,field_17_31,field_17_32,field_17_33,field_17_34,field_17_35,field_17_36,field_17_37,field_17_38,field_17_39,field_17_40,field_17_41,field_17_42,field_17_43,field_17_44,field_17_45,field_17_46,field_17_47,field_17_48,field_17_49,field_17_50,field_17_51,field_17_52,field_17_53,москва,field_17_55,field_17_56,field_17_57,field_17_58,field_17_59,field_17_60,field_17_61,field_17_62,field_17_63,field_17_64,field_17_65,field_17_66,field_17_67,field_17_68,field_17_69,field_17_70,field_17_71,field_17_72,field_17_73,field_17_74,field_17_75,🚀,field_17_77,field_17_78,field_17_79,field_17_80,field_17_81,field_17_82,field_17_83,field_17_84,field_17_85,field_17_86,field_17_87,field_17_88,field_17_89,field_17_90,field_17_91,field_17_92,field_17_93,field_17_94,field_17_95,field_17_96,field_17_97,field_17_98,field_17_99
18,Charlie,grace@example.com,43,São Paulo,field_18_5,field_18_6,field_18_7,field_18_8,field_18_9,field_18_10,field_18_11,field_18_12,field_18_13,field_18_14,field_18_15,field_18_16,field_18_17,field_18_18,field_18_19,field_18_20,field_18_21,field_18_22,field_18_23,field_18_24,field_18_25,field_18_26,field_18_27,field_18_28,field_18_29,field_18_30,field_18_31,field_18_32,field_18_33,field_18_34,field_18_35,field_18_36,field_18_37,field_18_38,москва,🚀,field_18_41,field_18_42,field_18_43,field_18_44,field_18_45,field_18_46,field_18_47,field_18_48,field_18_49,field_18_50,field_18_51,field_18_52,field_18_53,field_18_54,field_18_55,field_18_56,field_18_57,field_18_58,field_18_59,field_18_60,field_18_61,field_18_62,field_18_63,field_18_64,field_18_65,field_18_66,field_18_67,field_18_68,field_18_69,field_18_70,field_18_71,field_18_72,field_18_73,field_18_74,field_18_75,field_18_76,field_18_77,field_18_78,field_18_79,field_18_80,field_18_81,café,field_18_83,field_18_84,field_18_85,field_18_86,field_18_87,field_18_88,field_18_89,field_18_90,field_18_91,field_18_92,field_18_93,field_18_94,field_18_95,field_18_96,field_18_97,field_18_98,field_18_99
19,Bob,alice@example.com,44,Sydney,field_19_5,field_19_6,field_19_7,field_19_8,field_19_9,field_19_10,field_19_11,field_19_12,field_19_13,field_19_14,field_19_15,field_19_16,field_19_17,field_19_18,field_19_19,field_19_20,field_19_21,field_19_22,field_19_23,field_19_24,field_19_25,field_19_26,field_19_27,field_19_28,東京,field_19_30,field_19_31,field_19_32,field_19_33,field_19_34,field_19_35,field_19_36,field_19_37,field_19_38,field_19_39,field_19_40,field_19_41,field_19_42,field_19_43,field_19_44,field_19_45,field_19_46,field_19_47,field_19_48,field_19_49,field_19_50,field_19_51,field_19_52,field_19_53,field_19_54,field_19_55,field_19_56,field_19_57,field_19_58,field_19_59,field_19_60,field_19_61,field_19_62,field_19_63,field_19_64,field_19_65,field_19_66,field_19_67,field_19_68,field_19_69,field_19_70,field_19_71,field_19_72,field_19_73,field_19_74,naïve,field_19_76,field_19_77,field_19_78,field_19_79,field_19_80,field_19_81,field_19_82,field_19_83,field_19_84,field_19_85,field_19_86,field_19_87,field_19_88,field_19_89,field_19_90,field_19_91,field_19_92,field_19_93,field_19_94,field_19_95,field_19_96,field_19_97,field_19_98,field_19_99
20,Grace,diana@example.com,45,New York,field_20_5,field_20_6,field_20_7,field_20_8,field_20_9,field_20_10,field_20_11,résumé,field_20_13,field_20_14,field_20_15,field_20_16,field_20_17,field_20_18,field_20_19,field_20_20,field_20_21,field_20_22,field_20_23,field_20_24,field_20_25,field_20_26,field_20_27,field_20_28,field_20_29,field_20_30,field_20_31,field_20_32,field_20_33,field_20_34,field_20_35,field_20_36,field_20_37,field_20_38,field_20_39,field_20_40,field_20_41,field_20_42,field_20_43,field_20_44,field_20_45,field_20_46,field_20_47,field_20_48,field_20_49,field_20_50,field_20_51,field_20_52,field_20_53,field_20_54,field_20_55,field_20_56,field_20_57,field_20_58,field_20_59,field_20_60,field_20_61,field_20_62,field_20_63,field_20_64,field_20_65,field_20_66,field_20_67,field_20_68,field_20_69,field_20_70,field_20_71,field_20_72,field_20_73,field_20_74,field_20_75,field_20_76,field_20_77,field_20_78,field_20_79,field_20_80,field_20_81,field_20_82,field_20_83,field_20_84,field_20_85,field_20_86,field_20_87,field_20_88,field_20_89,東京,field_20_91,field_20_92,field_20_93,field_20_94,field_20_95,field_20_96,field_20_97,field_20_98,field_20_99
21,Alice,diana@example.com,46,Berlin,field_21_5,field_21_6,field_21_7,field_21_8,field_21_9,field_21_10,field_21_11,field_21_12,field_21_13,field_21_14,field_21_15,field_21_16,field_21_17,field_21_18,field_21_19,field_21_20,field_21_21,field_21_22,field_21_23,field_21_24,field_21_25,field_21_26,field_21_27,naïve,field_21_29,field_21_30,field_21_31,field_21_32,field_21_33,field_21_34,field_21_35,field_21_36,field_21_37,field_21_38,field_21_39,field_21_40,field_21_41,field_21_42,field_21_43,field_21_44,field_21_45,field_21_46,field_21_47,field_21_48,field_21_49,field_21_50,field_21_51,field_21_52,field_21_53,field_21_54,field_21_55,field_21_56,Zürich,field_21_58,field_21_59,field_21_60,field_21_61,field_21_62,field_21_63,field_21_64,field_21_65,field_21_66,field_21_67,field_21_68,field_21_69,field_21_70,field_21_71,field_21_72,field_21_73,field_21_74,field_21_75,field_21_76,field_21_77,field_21_78,field_21_79,field_21_80,field_21_81,field_21_82,field_21_83,field_21_84,field_21_85,field_21_86,field_21_87,field_21_88,field_21_89,field_21_90,field_21_91,field_21_92,field_21_93,field_21_94,field_21_95,field_21_96,field_21_97,field_21_98,field_21_99
22,Bob,frank@example.com,47,🚀,field_22_5,field_22_6,field_22_7,field_22_8,field_22_9,field_22_10,field_22_11,field_22_12,field_22_13,field_22_14,field_22_15,field_22_16,field_22_17,field_22_18,field_22_19,field_22_20,field_22_21,field_22_22,field_22_23,field_22_24,field_22_25,field_22_26,field_22_27,field_22_28,field_22_29,field_22_30,field_22_31,field_22_32,field_22_33,field_22_34,field_22_35,field_22_36,field_22_37,field_22_38,field_22_39,field_22_40,field_22_41,field_22_42,field_22_43,field_22_44,field_22_45,field_22_46,field_22_47,field_22_48,field_22_49,field_22_50,field_22_51,field_22_52,field_22_53,東京,field_22_55,field_22_56,field_22_57,field_22_58,field_22_59,🚀,field_22_61,東京,field_22_63,field_22_64,field_22_65,field_22_66,field_22_67,field_22_68,field_22_69,field_22_70,field_22_71,field_22_72,field_22_73,field_22_74,field_22_75,field_22_76,field_22_77,field_22_78,field_22_79,field_22_80,field_22_81,🚀,field_22_83,field_22_84,field_22_85,field_22_86,field_22_87,field_22_88,field_22_89,field_22_90,field_22_91,field_22_92,field_22_93,field_22_94,field_22_95,field_22_96,field_22_97,field_22_98,field_22_99
23,Alice,diana@example.com,48,Tokyo,field_23_5,field_23_6,field_23_7,field_23_8,field_23_9,field_23_10,field_23_11,field_23_12,field_23_13,field_23_14,field_23_15,field_23_16,field_23_17,field_23_18,field_23_19,field_23_20,field_23_21,field_23_22,field_23_23,field_23_24,field_23_25,field_23_26,field_23_27,field_23_28,field_23_29,field_23_30,field_23_31,field_23_32,field_23_33,field_23_34,field_23_35,field_23_36,field_23_37,field_23_38,field_23_39,field_23_40,field_23_41,field_23_42,field_23_43,field_23_44,field_23_45,field_23_46,field_23_47,field_23_48,field_23_49,field_23_50,field_23_51,field_23_52,field_23_53,field_23_54,field_23_55,field_23_56,field_23_57,field_23_58,field_23_59,field_23_60,field_23_61,field_23_62,field_23_63,field_23_64,field_23_65,field_23_66,field_23_67,field_23_68,field_23_69,field_23_70,field_23_71,field_23_72,field_23_73,field_23_74,field_23_75,field_23_76,москва,field_23_78,field_23_79,field_23_80,field_23_81,field_23_82,field_23_83,field_23_84,field_23_85,field_23_86,field_23_87,field_23_88,field_23_89,field_23_90,field_23_91,field_23_92,field_23_93,field_23_94,field_23_95,field_23_96,field_23_97,field_23_98,field_23_99
24,café,eve@example.com,49,São Paulo,field_24_5,field_24_6,field_24_7,field_24_8,field_24_9,field_24_10,field_24_11,field_24_12,field_24_13,field_24_14,field_24_15,field_24_16,field_24_17,field_24_18,field_24_19,field_24_20,москва,москва,field_24_23,field_24_24,field_24_25,field_24_26,field_24_27,field_24_28,field_24_29,field_24_30,field_24_31,field_24_32,field_24_33,field_24_34,field_24_35,field_24_36,field_24_37,москва,field_24_39,field_24_40,field_24_41,field_24_42,field_24_43,field_24_44,field_24_45,field_24_46,Zürich,field_24_48,field_24_49,field_24_50,field_24_51,field_24_52,field_24_53,field_24_54,field_24_55,field_24_56,field_24_57,field_24_58,field_24_59,field_24_60,field_24_61,field_24_62,field_24_63,field_24_64,field_24_65,field_24_66,field_24_67,field_24_68,field_24_69,field_24_70,field_24_71,field_24_72,field_24_73,field_24_74,field_24_75,résumé,field_24_77,field_24_78,field_24_79,field_24_80,field_24_81,field_24_82,field_24_83,field_24_84,field_24_85,field_24_86,field_24_87,field_24_88,field_24_89,field_24_90,field_24_91,field_24_92,field_24_93,field_24_94,field_24_95,field_24_96,field_24_97,field_24_98,field_24_99
25,Frank,alice@example.com,50,London,field_25_5,field_25_6,field_25_7,field_25_8,field_25_9,field_25_10,field_25_11,field_25_12,field_25_13,field_25_14,field_25_15,field_25_16,field_25_17,field_25_18,field_25_19,field_25_20,field_25_21,field_25_22,field_25_23,field_25_24,field_25_25,field_25_26,field_25_27,field_25_28,field_25_29,field_25_30,field_25_31,field_25_32,field_25_33,field_25_34,field_25_35,field_25_36,field_25_37,field_25_38,field_25_39,field_25_40,field_25_41,field_25_42,field_25_43,field_25_44,field_25_45,field_25_46,field_25_47,field_25_48,field_25_49,field_25_50,field_25_51,field_25_52,field_25_53,field_25_54,field_25_55,field_25_56,field_25_57,field_25_58,field_25_59,field_25_60,field_25_61,field_25_62,field_25_63,café,field_25_65,field_25_66,field_25_67,field_25_68,field_25_69,field_25_70,field_25_71,field_25_72,field_25_73,field_25_74,field_25_75,field_25_76,field_25_77,field_25_78,field_25_79,Zürich,field_25_81,field_25_82,field_25_83,field_25_84,field_25_85,field_25_86,field_25_87,field_25_88,field_25_89,field_25_90,field_25_91,field_25_92,field_25_93,field_25_94,field_25_95,field_25_96,field_25_97,field_25_98,field_25_99
26,Alice,bob@example.com,51,São Paulo,field_26_5,field_26_6,field_26_7,field_26_8,field_26_9,field_26_10,field_26_11,field_26_12,field_26_13,field_26_14,field_26_15,field_26_16,field_26_17,field_26_18,field_26_19,field_26_20,field_26_21,field_26_22,field_26_23,field_26_24,field_26_25,field_26_26,field_26_27,field_26_28,field_26_29,field_26_30,field_26_31,field_26_32,field_26_33,field_26_34,field_26_35,field_26_36,field_26_37,field_26_38,field_26_39,field_26_40,field_26_41,field_26_42,field_26_43,field_26_44,field_26_45,field_26_46,field_26_47,résumé,field_26_49,field_26_50,field_26_51,field_26_52,field_26_53,field_26_54,field_26_55,field_26_56,field_26_57,field_26_58,field_26_59,field_26_60,field_26_61,field_26_62,field_26_63,field_26_64,field_26_65,field_26_66,field_26_67,field_26_68,field_26_69,field_26_70,field_26_71,field_26_72,field_26_73,field_26_74,field_26_75,field_26_76,field_26_77,field_26_78,field_26_79,field_26_80,field_26_81,field_26_82,field_26_83,field_26_84,field_26_85,東京,field_26_87,field_26_88,field_26_89,field_26_90,field_26_91,field_26_92,field_26_93,field_26_94,field_26_95,field_26_96,field_26_97,field_26_98,field_26_99
27,Eve,diana@example.com,52,London,field_27_5,field_27_6,field_27_7,field_27_8,field_27_9,field_27_10,field_27_11,field_27_12,field_27_13,field_27_14,field_27_15,field_27_16,field_27_17,field_27_18,field_27_19,field_27_20,field_27_21,field_27_22,field_27_23,field_27_24,field_27_25,field_27_26,field_27_27,field_27_28,field_27_29,field_27_30,field_27_31,field_27_32,field_27_33,field_27_34,field_27_35,field_27_36,field_27_37,field_27_38,field_27_39,field_27_40,field_27_41,field_27_42,field_27_43,москва,field_27_45,field_27_46,field_27_47,field_27_48,field_27_49,field_27_50,field_27_51,field_27_52,field_27_53,field_27_54,field_27_55,field_27_56,field_27_57,field_27_58,field_27_59,field_27_60,field_27_61,field_27_62,field_27_63,field_27_64,field_27_65,field_27_66,field_27_67,field_27_68,field_27_69,field_27_70,field_27_71,field_27_72,field_27_73,field_27_74,field_27_75,field_27_76,field_27_77,field_27_78,field_27_79,field_27_80,field_27_81,field_27_82,field_27_83,field_27_84,field_27_85,field_27_86,field_27_87,field_27_88,field_27_89,field_27_90,field_27_91,field_27_92,field_27_93,field_27_94,field_27_95,field_27_96,field_27_97,field_27_98,field_27_99
28,Diana,alice@example.com,53,Paris,field_28_5,field_28_6,field_28_7,field_28_8,field_28_9,field_28_10,field_28_11,field_28_12,field_28_13,field_28_14,field_28_15,field_28_16,field_28_17,field_28_18,field_28_19,field_28_20,field_28_21,field_28_22,field_28_23,field_28_24,field_28_25,Zürich,field_28_27,field_28_28,field_28_29,field_28_30,field_28_31,field_28_32,field_28_33,field_28_34,field_28_35,field_28_36,field_28_37,field_28_38,field_28_39,field_28_40,field_28_41,field_28_42,field_28_43,field_28_44,field_28_45,field_28_46,field_28_47,field_28_48,field_28_49,field_28_50,field_28_51,field_28_52,field_28_53,field_28_54,field_28_55,field_28_56,field_28_57,field_28_58,field_28_59,field_28_60,field_28_61,field_28_62,field_28_63,field_28_64,field_28_65,field_28_66,field_28_67,field_28_68,field_28_69,field_28_70,field_28_71,field_28_72,field_28_73,field_28_74,field_28_75,field_28_76,field_28_77,field_28_78,field_28_79,field_28_80,field_28_81,field_28_82,field_28_83,field_28_84,field_28_85,field_28_86,field_28_87,field_28_88,café,field_28_90,field_28_91,field_28_92,field_28_93,field_28_94,field_28_95,field_28_96,field_28_97,field_28_98,field_28_99
29,Eve,diana@example.com,54,Paris,field_29_5,field_29_6,field_29_7,field_29_8,field_29_9,field_29_10,field_29_11,field_29_12,field_29_13,field_29_14,field_29_15,field_29_16,field_29_17,field_29_18,field_29_19,field_29_20,field_29_21,field_29_22,field_29_23,résumé,field_29_25,field_29_26,field_29_27,field_29_28,field_29_29,field_29_30,field_29_31,field_29_32,field_29_33,field_29_34,field_29_35,field_29_36,field_29_37,field_29_38,field_29_39,field_29_40,field_29_41,field_29_42,field_29_43,field_29_44,field_29_45,field_29_46,field_29_47,field_29_48,field_29_49,field_29_50,field_29_51,field_29_52,field_29_53,field_29_54,field_29_55,field_29_56,field_29_57,field_29_58,field_29_59,field_29_60,field_29_61,field_29_62,field_29_63,field_29_64,field_29_65,field_29_66,field_29_67,field_29_68,field_29_69,field_29_70,field_29_71,field_29_72,field_29_73,field_29_74,field_29_75,field_29_76,field_29_77,field_29_78,field_29_79,field_29_80,field_29_81,field_29_82,field_29_83,field_29_84,field_29_85,field_29_86,field_29_87,field_29_88,field_29_89,field_29_90,field_29_91,field_29_92,field_29_93,field_29_94,field_29_95,field_29_96,field_29_97,field_29_98,field_29_99
30,Grace,alice@example.com,55,Berlin,field_30_5,field_30_6,field_30_7,field_30_8,field_30_9,field_30_10,field_30_11,field_30_12,field_30_13,field_30_14,field_30_15,field_30_16,field_30_17,field_30_18,field_30_19,field_30_20,field_30_21,field_30_22,field_30_23,field_30_24,field_30_25,field_30_26,field_30_27,field_30_28,field_30_29,field_30_30,field_30_31,field_30_32,field_30_33,field_30_34,field_30_35,field_30_36,field_30_37,field_30_38,field_30_39,field_30_40,field_30_41,field_30_42,field_30_43,field_30_44,field_30_45,field_30_46,field_30_47,field_30_48,field_30_49,field_30_50,field_30_51,field_30_52,field_30_53,field_30_54,field_30_55,field_30_56,field_30_57,field_30_58,field_30_59,field_30_60,field_30_61,field_30_62,field_30_63,field_30_64,field_30_65,field_30_66,field_30_67,field_30_68,🚀,field_30_70,field_30_71,field_30_72,field_30_73,field_30_74,field_30_75,field_30_76,field_30_77,field_30_78,field_30_79,field_30_80,field_30_81,field_30_82,field_30_83,field_30_84,field_30_85,field_30_86,field_30_87,field_30_88,field_30_89,café,field_30_91,field_30_92,field_30_93,field_30_94,field_30_95,field_30_96,field_30_97,field_30_98,field_30_99
31,Eve,bob@example.com,56,Tokyo,field_31_5,field_31_6,field_31_7,field_31_8,field_31_9,field_31_10,field_31_11,field_31_12,field_31_13,field_31_14,field_31_15,field_31_16,field_31_17,field_31_18,field_31_19,field_31_20,field_31_21,field_31_22,field_31_23,field_31_24,field_31_25,field_31_26,field_31_27,field_31_28,field_31_29,field_31_30,field_31_31,field_31_32,field_31_33,field_31_34,field_31_35,field_31_36,field_31_37,field_31_38,field_31_39,field_31_40,field_31_41,field_31_42,field_31_43,field_31_44,field_31_45,field_31_46,field_31_47,field_31_48,field_31_49,field_31_50,field_31_51,field_31_52,field_31_53,field_31_54,field_31_55,field_31_56,field_31_57,field_31_58,field_31_59,field_31_60,field_31_61,field_31_62,field_31_63,field_31_64,naïve,field_31_66,field_31_67,field_31_68,field_31_69,field_31_70,field_31_71,field_31_72,field_31_73,field_31_74,field_31_75,field_31_76,field_31_77,field_31_78,field_31_79,field_31_80,field_31_81,field_31_82,field_31_83,field_31_84,field_31_85,naïve,field_31_87,field_31_88,field_31_89,field_31_90,field_31_91,field_31_92,field_31_93,field_31_94,field_31_95,field_31_96,field_31_97,field_31_98,field_31_99
32,Alice,grace@example.com,57,Berlin,field_32_5,field_32_6,field_32_7,field_32_8,field_32_9,field_32_10,field_32_11,field_32_12,field_32_13,field_32_14,field_32_15,field_32_16,field_32_17,field_32_18,field_32_19,field_32_20,field_32_21,field_32_22,field_32_23,field_32_24,field_32_25,field_32_26,field_32_27,field_32_28,field_32_29,field_32_30,field_32_31,field_32_32,field_32_33,field_32_34,field_32_35,field_32_36,field_32_37,field_32_38,field_32_39,field_32_40,field_32_41,field_32_42,field_32_43,field_32_44,field_32_45,field_32_46,field_32_47,field_32_48,field_32_49,field_32_50,field_32_51,field_32_52,field_32_53,field_32_54,field_32_55,field_32_56,field_32_57,field_32_58,field_32_59,field_32_60,field_32_61,field_32_62,field_32_63,field_32_64,field_32_65,field_32_66,field_32_67,field_32_68,field_32_69,field_32_70,field_32_71,field_32_72,field_32_73,field_32_74,field_32_75,field_32_76,field_32_77,field_32_78,field_32_79,field_32_80,field_32_81,field_32_82,field_32_83,field_32_84,field_32_85,field_32_86,field_32_87,field_32_88,field_32_89,field_32_90,field_32_91,field_32_92,field_32_93,field_32_94,field_32_95,field_32_96,field_32_97,field_32_98,field_32_99
33,Diana,grace@example.com,58,Tokyo,москва,field_33_6,field_33_7,résumé,field_33_9,field_33_10,naïve,field_33_12,field_33_13,field_33_14,field_33_15,field_33_16,field_33_17,field_33_18,naïve,field_33_20,field_33_21,field_33_22,field_33_23,field_33_24,field_33_25,field_33_26,field_33_27,field_33_28,field_33_29,field_33_30,field_33_31,field_33_32,field_33_33,field_33_34,field_33_35,field_33_36,field_33_37,field_33_38,field_33_39,field_33_40,field_33_41,field_33_42,field_33_43,field_33_44,москва,field_33_46,Zürich,field_33_48,field_33_49,field_33_50,field_33_51,Zürich,field_33_53,field_33_54,field_33_55,field_33_56,field_33_57,field_33_58,field_33_59,field_33_60,field_33_61,field_33_62,field_33_63,field_33_64,field_33_65,field_33_66,field_33_67,field_33_68,field_33_69,field_33_70,field_33_71,field_33_72,field_33_73,field_33_74,field_33_75,field_33_76,field_33_77,field_33_78,field_33_79,field_33_80,field_33_81,field_33_82,field_33_83,field_33_84,field_33_85,field_33_86,field_33_87,field_33_88,field_33_89,field_33_90,field_33_91,field_33_92,field_33_93,field_33_94,field_33_95,field_33_96,field_33_97,field_33_98,field_33_99
34,Frank,grace@example.com,59,Tokyo,field_34_5,field_34_6,field_34_7,field_34_8,field_34_9,field_34_10,field_34_11,field_34_12,field_34_13,field_34_14,field_34_15,field_34_16,field_34_17,field_34_18,field_34_19,field_34_20,field_34_21,field_34_22,field_34_23,field_34_24,field_34_25,field_34_26,field_34_27,field_34_28,field_34_29,field_34_30,field_34_31,field_34_32,field_34_33,field_34_34,field_34_35,東京,field_34_37,field_34_38,field_34_39,field_34_40,field_34_41,Zürich,field_34_43,field_34_44,field_34_45,field_34_46,field_34_47,field_34_48,москва,field_34_50,field_34_51,field_34_52,field_34_53,field_34_54,field_34_55,field_34_56,field_34_57,field_34_58,field_34_59,field_34_60,field_34_61,field_34_62,field_34_63,field_34_64,field_34_65,field_34_66,field_34_67,field_34_68,field_34_69,field_34_70,field_34_71,field_34_72,field_34_73,field_34_74,field_34_75,field_34_76,field_34_77,field_34_78,field_34_79,field_34_80,field_34_81,field_34_82,field_34_83,field_34_84,field_34_85,field_34_86,field_34_87,field_34_88,field_34_89,field_34_90,field_34_91,field_34_92,field_34_93,field_34_94,field_34_95,field_34_96,field_34_97,field_34_98,field_34_99
35,Frank,frank@example.com,60,Sydney,field_35_5,field_35_6,field_35_7,field_35_8,field_35_9,field_35_10,field_35_11,field_35_12,field_35_13,field_35_14,field_35_15,field_35_16,field_35_17,field_35_18,field_35_19,field_35_20,field_35_21,field_35_22,field_35_23,field_35_24,field_35_25,field_35_26,field_35_27,field_35_28,field_35_29,field_35_30,field_35_31,field_35_32,field_35_33,field_35_34,field_35_35,field_35_36,field_35_37,field_35_38,field_35_39,field_35_40,field_35_41,field_35_42,field_35_43,field_35_44,field_35_45,field_35_46,field_35_47,field_35_48,field_35_49,field_35_50,field_35_51,field_35_52,field_35_53,field_35_54,field_35_55,field_35_56,field_35_57,field_35_58,field_35_59,field_35_60,field_35_61,field_35_62,field_35_63,field_35_64,field_35_65,field_35_66,field_35_67,field_35_68,field_35_69,field_35_70,field_35_71,field_35_72,field_35_73,field_35_74,field_35_75,field_35_76,field_35_77,field_35_78,field_35_79,field_35_80,field_35_81,field_35_82,field_35_83,field_35_84,field_35_85,field_35_86,field_35_87,field_35_88,field_35_89,field_35_90,field_35_91,field_35_92,field_35_93,field_35_94,field_35_95,field_35_96,field_35_97,field_35_98,field_35_99
36,Alice,grace@example.com,61,São Paulo,field_36_5,field_36_6,field_36_7,field_36_8,field_36_9,field_36_10,field_36_11,field_36_12,field_36_13,field_36_14,field_36_15,field_36_16,field_36_17,field_36_18,field_36_19,field_36_20,field_36_21,field_36_22,field_36_23,field_36_24,field_36_25,field_36_26,field_36_27,field_36_28,field_36_29,field_36_30,field_36_31,field_36_32,field_36_33,field_36_34,field_36_35,field_36_36,field_36_37,field_36_38,field_36_39,field_36_40,field_36_41,field_36_42,field_36_43,field_36_44,field_36_45,field_36_46,field_36_47,field_36_48,field_36_49,field_36_50,field_36_51,field_36_52,field_36_53,field_36_54,field_36_55,field_36_56,field_36_57,field_36_58,field_36_59,field_36_60,field_36_61,field_36_62,field_36_63,field_36_64,field_36_65,field_36_66,field_36_67,field_36_68,field_36_69,field_36_70,field_36_71,field_36_72,field_36_73,field_36_74,field_36_75,field_36_76,field_36_77,field_36_78,field_36_79,field_36_80,field_36_81,field_36_82,field_36_83,field_36_84,field_36_85,field_36_86,field_36_87,field_36_88,field_36_89,field_36_90,field_36_91,field_36_92,field_36_93,москва,field_36_95,field_36_96,field_36_97,field_36_98,field_36_99
37,Charlie,charlie@example.com,62,Paris,field_37_5,field_37_6,field_37_7,field_37_8,field_37_9,field_37_10,field_37_11,field_37_12,field_37_13,field_37_14,field_37_15,field_37_16,field_37_17,field_37_18,field_37_19,field_37_20,field_37_21,field_37_22,field_37_23,field_37_24,field_37_25,field_37_26,field_37_27,field_37_28,field_37_29,field_37_30,field_37_31,field_37_32,field_37_33,field_37_34,field_37_35,field_37_36,field_37_37,field_37_38,field_37_39,field_37_40,field_37_41,field_37_42,field_37_43,field_37_44,field_37_45,field_37_46,field_37_47,field_37_48,field_37_49,field_37_50,field_37_51,field_37_52,field_37_53,field_37_54,field_37_55,field_37_56,field_37_57,field_37_58,field_37_59,field_37_60,field_37_61,field_37_62,field_37_63,field_37_64,field_37_65,field_37_66,field_37_67,field_37_68,field_37_69,field_37_70,field_37_71,field_37_72,field_37_73,field_37_74,field_37_75,field_37_76,field_37_77,field_37_78,field_37_79,field_37_80,field_37_81,field_37_82,field_37_83,🚀,field_37_85,field_37_86,field_37_87,field_37_88,field_37_89,field_37_90,field_37_91,field_37_92,field_37_93,field_37_94,field_37_95,field_37_96,field_37_97,field_37_98,field_37_99
38,naïve,eve@example.com,63,Berlin,field_38_5,field_38_6,field_38_7,field_38_8,field_38_9,field_38_10,field_38_11,field_38_12,field_38_13,field_38_14,field_38_15,field_38_16,field_38_17,field_38_18,field_38_19,field_38_20,field_38_21,field_38_22,field_38_23,field_38_24,field_38_25,field_38_26,field_38_27,field_38_28,field_38_29,field_38_30,field_38_31,field_38_32,field_38_33,field_38_34,field_38_35,field_38_36,field_38_37,field_38_38,field_38_39,field_38_40,field_38_41,field_38_42,field_38_43,field_38_44,field_38_45,field_38_46,field_38_47,field_38_48,field_38_49,field_38_50,field_38_51,field_38_52,field_38_53,field_38_54,field_38_55,field_38_56,field_38_57,field_38_58,field_38_59,field_38_60,field_38_61,field_38_62,field_38_63,field_38_64,field_38_65,field_38_66,field_38_67,field_38_68,field_38_69,field_38_70,field_38_71,field_38_72,field_38_73,field_38_74,field_38_75,field_38_76,field_38_77,field_38_78,field_38_79,field_38_80,field_38_81,field_38_82,field_38_83,field_38_84,field_38_85,field_38_86,field_38_87,field_38_88,field_38_89,field_38_90,field_38_91,field_38_92,field_38_93,field_38_94,field_38_95,field_38_96,field_38_97,field_38_98,field_38_99
39,Charlie,bob@example.com,64,café,field_39_5,field_39_6,field_39_7,field_39_8,field_39_9,field_39_10,field_39_11,field_39_12,field_39_13,field_39_14,field_39_15,field_39_16,東京,field_39_18,field_39_19,field_39_20,field_39_21,field_39_22,field_39_23,field_39_24,field_39_25,field_39_26,field_39_27,field_39_28,field_39_29,field_39_30,field_39_31,field_39_32,field_39_33,field_39_34,field_39_35,field_39_36,field_39_37,field_39_38,field_39_39,field_39_40,field_39_41,field_39_42,field_39_43,field_39_44,field_39_45,field_39_46,field_39_47,field_39_48,field_39_49,field_39_50,field_39_51,field_39_52,field_39_53,field_39_54,field_39_55,field_39_56,field_39_57,field_39_58,field_39_59,field_39_60,field_39_61,field_39_62,field_39_63,field_39_64,field_39_65,field_39_66,field_39_67,field_39_68,field_39_69,field_39_70,field_39_71,field_39_72,field_39_73,field_39_74,field_39_75,field_39_76,field_39_77,field_39_78,field_39_79,field_39_80,field_39_81,field_39_82,field_39_83,field_39_84,field_39_85,field_39_86,field_39_87,field_39_88,field_39_89,field_39_90,field_39_91,field_39_92,field_39_93,field_39_94,field_39_95,field_39_96,field_39_97,field_39_98,field_39_99
40,Bob,bob@example.com,25,New York,field_40_5,field_40_6,field_40_7,field_40_8,field_40_9,field_40_10,field_40_11,field_40_12,field_40_13,field_40_14,field_40_15,field_40_16,field_40_17,field_40_18,field_40_19,field_40_20,field_40_21,field_40_22,field_40_23,field_40_24,field_40_25,field_40_26,field_40_27,field_40_28,field_40_29,field_40_30,field_40_31,field_40_32,field_40_33,field_40_34,field_40_35,field_40_36,field_40_37,field_40_38,field_40_39,field_40_40,field_40_41,field_40_42,field_40_43,field_40_44,field_40_45,field_40_46,field_40_47,field_40_48,field_40_49,field_40_50,field_40_51,field_40_52,field_40_53,field_40_54,field_40_55,field_40_56,field_40_57,field_40_58,field_40_59,field_40_60,field_40_61,field_40_62,field_40_63,field_40_64,field_40_65,field_40_66,field_40_67,field_40_68,field_40_69,field_40_70,field_40_71,field_40_72,field_40_73,field_40_74,field_40_75,field_40_76,field_40_77,field_40_78,field_40_79,field_40_80,field_40_81,field_40_82,field_40_83,field_40_84,field_40_85,field_40_86,field_40_87,field_40_88,field_40_89,field_40_90,field_40_91,field_40_92,field_40_93,field_40_94,field_40_95,field_40_96,field_40_97,field_40_98,field_40_99
41,Bob,diana@example.com,26,São Paulo,field_41_5,field_41_6,field_41_7,field_41_8,field_41_9,field_41_10,field_41_11,field_41_12,field_41_13,field_41_14,field_41_15,field_41_16,field_41_17,field_41_18,field_41_19,field_41_20,field_41_21,field_41_22,field_41_23,field_41_24,field_41_25,field_41_26,field_41_27,field_41_28,Zürich,field_41_30,東京,field_41_32,field_41_33,field_41_34,field_41_35,field_41_36,field_41_37,field_41_38,field_41_39,field_41_40,field_41_41,field_41_42,field_41_43,field_41_44,field_41_45,field_41_46,field_41_47,field_41_48,field_41_49,field_41_50,field_41_51,field_41_52,field_41_53,field_41_54,field_41_55,field_41_56,field_41_57,field_41_58,field_41_59,field_41_60,field_41_61,field_41_62,field_41_63,field_41_64,naïve,field_41_66,field_41_67,field_41_68,field_41_69,field_41_70,field_41_71,field_41_72,field_41_73,field_41_74,field_41_75,field_41_76,field_41_77,field_41_78,field_41_79,field_41_80,field_41_81,field_41_82,field_41_83,field_41_84,field_41_85,field_41_86,field_41_87,field_41_88,field_41_89,field_41_90,field_41_91,field_41_92,field_41_93,field_41_94,field_41_95,field_41_96,field_41_97,field_41_98,field_41_99
42,Grace,bob@example.com,27,São Paulo,field_42_5,field_42_6,field_42_7,field_42_8,field_42_9,field_42_10,field_42_11,field_42_12,field_42_13,field_42_14,field_42_15,field_42_16,field_42_17,field_42_18,field_42_19,field_42_20,field_42_21,field_42_22,field_42_23,field_42_24,field_42_25,field_42_26,field_42_27,field_42_28,field_42_29,field_42_30,field_42_31,field_42_32,field_42_33,field_42_34,field_42_35,field_42_36,field_42_37,field_42_38,field_42_39,field_42_40,field_42_41,field_42_42,field_42_43,field_42_44,field_42_45,field_42_46,field_42_47,field_42_48,field_42_49,field_42_50,field_42_51,field_42_52,field_42_53,field_42_54,field_42_55,field_42_56,field_42_57,field_42_58,field_42_59,Zürich,field_42_61,field_42_62,field_42_63,field_42_64,field_42_65,field_42_66,field_42_67,field_42_68,field_42_69,field_42_70,field_42_71,field_42_72,field_42_73,field_42_74,field_42_75,field_42_76,field_42_77,field_42_78,field_42_79,field_42_80,field_42_81,field_42_82,field_42_83,field_42_84,field_42_85,field_42_86,field_42_87,field_42_88,field_42_89,field_42_90,field_42_91,field_42_92,field_42_93,field_42_94,field_42_95,field_42_96,field_42_97,field_42_98,field_42_99
43,Diana,grace@example.com,28,London,field_43_5,field_43_6,field_43_7,field_43_8,field_43_9,field_43_10,field_43_11,field_43_12,field_43_13,field_43_14,field_43_15,field_43_16,field_43_17,field_43_18,field_43_19,field_43_20,field_43_21,field_43_22,field_43_23,field_43_24,field_43_25,field_43_26,field_43_27,field_43_28,field_43_29,field_43_30,field_43_31,field_43_32,field_43_33,field_43_34,field_43_35,field_43_36,field_43_37,field_43_38,field_43_39,field_43_40,field_43_41,field_43_42,field_43_43,field_43_44,field_43_45,field_43_46,field_43_47,field_43_48,field_43_49,field_43_50,field_43_51,résumé,field_43_53,field_43_54,field_43_55,field_43_56,field_43_57,field_43_58,field_43_59,field_43_60,field_43_61,field_43_62,field_43_63,field_43_64,field_43_65,field_43_66,field_43_67,field_43_68,field_43_69,field_43_70,field_43_71,field_43_72,field_43_73,field_43_74,field_43_75,field_43_76,field_43_77,field_43_78,field_43_79,field_43_80,field_43_81,field_43_82,field_43_83,field_43_84,field_43_85,field_43_86,field_43_87,field_43_88,field_43_89,field_43_90,field_43_91,field_43_92,field_43_93,field_43_94,field_43_95,field_43_96,field_43_97,field_43_98,field_43_99
44,Alice,alice@example.com,29,Tokyo,field_44_5,field_44_6,field_44_7,field_44_8,field_44_9,field_44_10,field_44_11,field_44_12,field_44_13,field_44_14,field_44_15,field_44_16,field_44_17,field_44_18,field_44_19,field_44_20,field_44_21,field_44_22,field_44_23,field_44_24,field_44_25,field_44_26,field_44_27,field_44_28,field_44_29,field_44_30,field_44_31,field_44_32,field_44_33,field_44_34,field_44_35,field_44_36,field_44_37,field_44_38,field_44_39,field_44_40,field_44_41,field_44_42,field_44_43,field_44_44,field_44_45,field_44_46,field_44_47,field_44_48,field_44_49,field_44_50,field_44_51,field_44_52,field_44_53,field_44_54,field_44_55,field_44_56,field_44_57,field_44_58,field_44_59,field_44_60,field_44_61,field_44_62,field_44_63,field_44_64,field_44_65,field_44_66,field_44_67,field_44_68,field_44_69,field_44_70,field_44_71,field_44_72,field_44_73,field_44_74,field_44_75,field_44_76,field_44_77,field_44_78,field_44_79,field_44_80,field_44_81,field_44_82,field_44_83,field_44_84,field_44_85,field_44_86,field_44_87,field_44_88,field_44_89,field_44_90,field_44_91,field_44_92,field_44_93,field_44_94,field_44_95,field_44_96,field_44_97,field_44_98,field_44_99
45,Eve,eve@example.com,30,Sydney,field_45_5,field_45_6,field_45_7,field_45_8,field_45_9,field_45_10,field_45_11,field_45_12,field_45_13,field_45_14,field_45_15,field_45_16,field_45_17,field_45_18,field_45_19,field_45_20,field_45_21,field_45_22,field_45_23,field_45_24,field_45_25,москва,field_45_27,field_45_28,field_45_29,field_45_30,field_45_31,field_45_32,field_45_33,field_45_34,field_45_35,field_45_36,field_45_37,field_45_38,field_45_39,field_45_40,field_45_41,field_45_42,field_45_43,field_45_44,field_45_45,field_45_46,field_45_47,field_45_48,field_45_49,field_45_50,field_45_51,field_45_52,field_45_53,field_45_54,field_45_55,field_45_56,field_45_57,field_45_58,field_45_59,field_45_60,field_45_61,field_45_62,field_45_63,field_45_64,field_45_65,field_45_66,field_45_67,field_45_68,field_45_69,field_45_70,field_45_71,field_45_72,field_45_73,field_45_74,field_45_75,field_45_76,field_45_77,field_45_78,field_45_79,field_45_80,field_45_81,field_45_82,field_45_83,field_45_84,field_45_85,field_45_86,field_45_87,field_45_88,field_45_89,field_45_90,field_45_91,field_45_92,field_45_93,field_45_94,field_45_95,field_45_96,field_45_97,field_45_98,field_45_99
46,Charlie,eve@example.com,31,São Paulo,field_46_5,field_46_6,field_46_7,field_46_8,field_46_9,field_46_10,field_46_11,field_46_12,field_46_13,field_46_14,field_46_15,field_46_16,field_46_17,field_46_18,field_46_19,field_46_20,field_46_21,résumé,field_46_23,field_46_24,field_46_25,field_46_26,field_46_27,field_46_28,field_46_29,field_46_30,field_46_31,東京,field_46_33,field_46_34,field_46_35,field_46_36,field_46_37,field_46_38,field_46_39,field_46_40,field_46_41,field_46_42,field_46_43,field_46_44,field_46_45,field_46_46,field_46_47,field_46_48,field_46_49,field_46_50,field_46_51,field_46_52,field_46_53,field_46_54,résumé,field_46_56,field_46_57,field_46_58,field_46_59,field_46_60,field_46_61,field_46_62,field_46_63,field_46_64,field_46_65,field_46_66,field_46_67,field_46_68,field_46_69,field_46_70,field_46_71,field_46_72,field_46_73,field_46_74,field_46_75,field_46_76,field_46_77,field_46_78,field_46_79,field_46_80,field_46_81,field_46_82,field_46_83,field_46_84,field_46_85,field_46_86,field_46_87,field_46_88,field_46_89,東京,field_46_91,field_46_92,field_46_93,field_46_94,field_46_95,naïve,field_46_97,field_46_98,field_46_99
47,Diana,charlie@example.com,32,Paris,field_47_5,field_47_6,field_47_7,field_47_8,field_47_9,field_47_10,field_47_11,field_47_12,field_47_13,field_47_14,field_47_15,field_47_16,field_47_17,field_47_18,field_47_19,field_47_20,field_47_21,field_47_22,field_47_23,field_47_24,field_47_25,field_47_26,field_47_27,field_47_28,field_47_29,field_47_30,field_47_31,field_47_32,field_47_33,field_47_34,field_47_35,field_47_36,field_47_37,field_47_38,field_47_39,🚀,field_47_41,field_47_42,field_47_43,field_47_44,field_47_45,field_47_46,field_47_47,field_47_48,field_47_49,field_47_50,field_47_51,field_47_52,field_47_53,field_47_54,field_47_55,field_47_56,field_47_57,field_47_58,field_47_59,field_47_60,field_47_61,field_47_62,field_47_63,field_47_64,field_47_65,field_47_66,field_47_67,field_47_68,field_47_69,field_47_70,field_47_71,field_47_72,field_47_73,field_47_74,field_47_75,field_47_76,field_47_77,field_47_78,field_47_79,field_47_80,field_47_81,field_47_82,field_47_83,field_47_84,field_47_85,field_47_86,field_47_87,field_47_88,field_47_89,field_47_90,field_47_91,field_47_92,field_47_93,field_47_94,field_47_95,field_47_96,field_47_97,field_47_98,field_47_99
48,résumé,frank@example.com,33,London,field_48_5,field_48_6,field_48_7,field_48_8,field_48_9,field_48_10,field_48_11,field_48_12,field_48_13,naïve,field_48_15,field_48_16,field_48_17,field_48_18,field_48_19,field_48_20,field_48_21,field_48_22,field_48_23,field_48_24,field_48_25,field_48_26,東京,field_48_28,field_48_29,field_48_30,field_48_31,field_48_32,field_48_33,field_48_34,field_48_35,field_48_36,field_48_37,field_48_38,field_48_39,field_48_40,field_48_41,field_48_42,field_48_43,field_48_44,field_48_45,field_48_46,field_48_47,field_48_48,field_48_49,field_48_50,field_48_51,field_48_52,field_48_53,field_48_54,field_48_55,field_48_56,field_48_57,field_48_58,field_48_59,field_48_60,field_48_61,field_48_62,field_48_63,field_48_64,field_48_65,field_48_66,field_48_67,field_48_68,field_48_69,field_48_70,field_48_71,field_48_72,field_48_73,field_48_74,field_48_75,field_48_76,field_48_77,field_48_78,field_48_79,field_48_80,Zürich,field_48_82,field_48_83,field_48_84,field_48_85,field_48_86,field_48_87,field_48_88,field_48_89,field_48_90,field_48_91,field_48_92,field_48_93,field_48_94,field_48_95,field_48_96,field_48_97,field_48_98,field_48_99
49,Eve,eve@example.com,34,São Paulo,field_49_5,field_49_6,field_49_7,field_49_8,field_49_9,field_49_10,field_49_11,field_49_12,field_49_13,field_49_14,field_49_15,field_49_16,field_49_17,field_49_18,field_49_19,field_49_20,field_49_21,field_49_22,field_49_23,field_49_24,field_49_25,field_49_26,field_49_27,field_49_28,field_49_29,field_49_30,field_49_31,field_49_32,field_49_33,field_49_34,field_49_35,field_49_36,field_49_37,field_49_38,field_49_39,field_49_40,field_49_41,field_49_42,field_49_43,field_49_44,field_49_45,field_49_46,field_49_47,field_49_48,field_49_49,field_49_50,field_49_51,field_49_52,field_49_53,field_49_54,field_49_55,field_49_56,field_49_57,field_49_58,field_49_59,field_49_60,field_49_61,field_49_62,field_49_63,field_49_64,field_49_65,field_49_66,field_49_67,field_49_68,field_49_69,field_49_70,field_49_71,field_49_72,field_49_73,field_49_74,field_49_75,field_49_76,field_49_77,field_49_78,field_49_79,field_49_80,field_49_81,field_49_82,field_49_83,field_49_84,field_49_85,field_49_86,field_49_87,field_49_88,field_49_89,field_49_90,field_49_91,field_49_92,field_49_93,field_49_94,field_49_95,field_49_96,field_49_97,field_49_98,field_49_99
50,Eve,alice@example.com,35,São Paulo,field_50_5,résumé,field_50_7,field_50_8,field_50_9,field_50_10,field_50_11,field_50_12,field_50_13,field_50_14,field_50_15,field_50_16,field_50_17,field_50_18,🚀,field_50_20,field_50_21,field_50_22,field_50_23,field_50_24,field_50_25,field_50_26,field_50_27,field_50_28,field_50_29,field_50_30,field_50_31,field_50_32,field_50_33,field_50_34,field_50_35,field_50_36,field_50_37,field_50_38,field_50_39,field_50_40,field_50_41,field_50_42,field_50_43,field_50_44,field_50_45,field_50_46,naïve,field_50_48,field_50_49,field_50_50,field_50_51,field_50_52,field_50_53,field_50_54,field_50_55,field_50_56,field_50_57,field_50_58,field_50_59,field_50_60,field_50_61,field_50_62,field_50_63,field_50_64,field_50_65,field_50_66,field_50_67,field_50_68,field_50_69,field_50_70,field_50_71,field_50_72,field_50_73,field_50_74,field_50_75,field_50_76,field_50_77,field_50_78,field_50_79,field_50_80,field_50_81,field_50_82,field_50_83,field_50_84,field_50_85,field_50_86,field_50_87,field_50_88,field_50_89,field_50_90,field_50_91,field_50_92,field_50_93,field_50_94,field_50_95,field_50_96,field_50_97,field_50_98,field_50_99
51,Alice,charlie@example.com,36,São Paulo,field_51_5,naïve,field_51_7,field_51_8,field_51_9,field_51_10,field_51_11,field_51_12,field_51_13,field_51_14,field_51_15,field_51_16,field_51_17,field_51_18,field_51_19,field_51_20,field_51_21,field_51_22,field_51_23,field_51_24,field_51_25,field_51_26,field_51_27,field_51_28,field_51_29,field_51_30,field_51_31,field_51_32,field_51_33,field_51_34,field_51_35,field_51_36,field_51_37,field_51_38,field_51_39,field_51_40,field_51_41,field_51_42,field_51_43,field_51_44,field_51_45,field_51_46,field_51_47,field_51_48,field_51_49,field_51_50,field_51_51,field_51_52,field_51_53,field_51_54,field_51_55,field_51_56,field_51_57,field_51_58,field_51_59,field_51_60,field_51_61,field_51_62,field_51_63,field_51_64,field_51_65,field_51_66,field_51_67,field_51_68,field_51_69,field_51_70,field_51_71,field_51_72,field_51_73,field_51_74,field_51_75,field_51_76,field_51_77,field_51_78,field_51_79,field_51_80,field_51_81,field_51_82,field_51_83,field_51_84,field_51_85,field_51_86,field_51_87,field_51_88,field_51_89,field_51_90,field_51_91,field_51_92,field_51_93,field_51_94,field_51_95,field_51_96,field_51_97,field_51_98,field_51_99
52,🚀,grace@example.com,37,Berlin,field_52_5,field_52_6,field_52_7,field_52_8,field_52_9,field_52_10,field_52_11,field_52_12,field_52_13,field_52_14,field_52_15,field_52_16,field_52_17,field_52_18,field_52_19,field_52_20,field_52_21,field_52_22,field_52_23,field_52_24,field_52_25,field_52_26,field_52_27,field_52_28,field_52_29,field_52_30,field_52_31,field_52_32,field_52_33,field_52_34,field_52_35,field_52_36,field_52_37,field_52_38,field_52_39,field_52_40,field_52_41,field_52_42,field_52_43,field_52_44,field_52_45,field_52_46,field_52_47,field_52_48,field_52_49,field_52_50,field_52_51,field_52_52,field_52_53,field_52_54,field_52_55,field_52_56,field_52_57,field_52_58,field_52_59,field_52_60,field_52_61,field_52_62,field_52_63,field_52_64,field_52_65,field_52_66,field_52_67,field_52_68,field_52_69,field_52_70,field_52_71,field_52_72,field_52_73,field_52_74,field_52_75,field_52_76,field_52_77,field_52_78,field_52_79,field_52_80,field_52_81,field_52_82,field_52_83,field_52_84,field_52_85,field_52_86,field_52_87,field_52_88,field_52_89,field_52_90,field_52_91,field_52_92,field_52_93,field_52_94,field_52_95,field_52_96,🚀,field_52_98,field_52_99
53,Bob,alice@example.com,38,Berlin,field_53_5,field_53_6,field_53_7,field_53_8,field_53_9,field_53_10,field_53_11,field_53_12,field_53_13,field_53_14,field_53_15,field_53_16,field_53_17,field_53_18,field_53_19,東京,field_53_21,field_53_22,field_53_23,field_53_24,field_53_25,field_53_26,field_53_27,field_53_28,field_53_29,field_53_30,field_53_31,field_53_32,field_53_33,field_53_34,field_53_35,field_53_36,field_53_37,field_53_38,field_53_39,field_53_40,field_53_41,field_53_42,field_53_43,field_53_44,field_53_45,field_53_46,field_53_47,field_53_48,field_53_49,field_53_50,field_53_51,field_53_52,field_53_53,field_53_54,field_53_55,field_53_56,field_53_57,field_53_58,field_53_59,field_53_60,field_53_61,field_53_62,field_53_63,field_53_64,field_53_65,field_53_66,field_53_67,field_53_68,field_53_69,field_53_70,field_53_71,field_53_72,field_53_73,field_53_74,field_53_75,field_53_76,field_53_77,field_53_78,field_53_79,field_53_80,field_53_81,field_53_82,field_53_83,field_53_84,field_53_85,field_53_86,field_53_87,field_53_88,field_53_89,field_53_90,field_53_91,field_53_92,field_53_93,field_53_94,field_53_95,field_53_96,field_53_97,field_53_98,field_53_99
54,Charlie,alice@example.com,39,Tokyo,field_54_5,field_54_6,field_54_7,field_54_8,field_54_9,field_54_10,field_54_11,field_54_12,field_54_13,field_54_14,field_54_15,field_54_16,field_54_17,field_54_18,field_54_19,field_54_20,field_54_21,field_54_22,field_54_23,field_54_24,field_54_25,field_54_26,field_54_27,field_54_28,field_54_29,field_54_30,field_54_31,field_54_32,field_54_33,field_54_34,field_54_35,field_54_36,field_54_37,field_54_38,field_54_39,field_54_40,field_54_41,field_54_42,field_54_43,field_54_44,field_54_45,field_54_46,field_54_47,field_54_48,field_54_49,field_54_50,field_54_51,field_54_52,field_54_53,field_54_54,field_54_55,field_54_56,field_54_57,field_54_58,field_54_59,field_54_60,field_54_61,field_54_62,field_54_63,field_54_64,field_54_65,field_54_66,field_54_67,field_54_68,field_54_69,field_54_70,field_54_71,field_54_72,field_54_73,field_54_74,field_54_75,field_54_76,field_54_77,field_54_78,field_54_79,field_54_80,field_54_81,field_54_82,field_54_83,field_54_84,field_54_85,field_54_86,field_54_87,field_54_88,field_54_89,field_54_90,field_54_91,field_54_92,field_54_93,field_54_94,field_54_95,field_54_96,field_54_97,field_54_98,field_54_99
55,Grace,eve@example.com,40,Berlin,field_55_5,field_55_6,field_55_7,field_55_8,field_55_9,field_55_10,field_55_11,field_55_12,field_55_13,field_55_14,field_55_15,field_55_16,field_55_17,field_55_18,field_55_19,field_55_20,field_55_21,field_55_22,field_55_23,field_55_24,field_55_25,field_55_26,field_55_27,field_55_28,field_55_29,field_55_30,field_55_31,field_55_32,field_55_33,field_55_34,field_55_35,field_55_36,field_55_37,field_55_38,field_55_39,field_55_40,field_55_41,field_55_42,field_55_43,field_55_44,field_55_45,field_55_46,field_55_47,field_55_48,field_55_49,field_55_50,field_55_51,field_55_52,field_55_53,field_55_54,field_55_55,field_55_56,field_55_57,field_55_58,field_55_59,field_55_60,field_55_61,field_55_62,field_55_63,field_55_64,field_55_65,field_55_66,field_55_67,field_55_68,field_55_69,field_55_70,field_55_71,field_55_72,field_55_73,field_55_74,field_55_75,field_55_76,field_55_77,field_55_78,field_55_79,field_55_80,field_55_81,field_55_82,field_55_83,field_55_84,field_55_85,field_55_86,field_55_87,field_55_88,field_55_89,field_55_90,field_55_91,field_55_92,field_55_93,field_55_94,field_55_95,field_55_96,field_55_97,field_55_98,field_55_99
56,Eve,bob@example.com,41,São Paulo,🚀,field_56_6,field_56_7,field_56_8,field_56_9,field_56_10,field_56_11,field_56_12,field_56_13,field_56_14,field_56_15,field_56_16,field_56_17,field_56_18,field_56_19,field_56_20,field_56_21,field_56_22,field_56_23,field_56_24,field_56_25,field_56_26,field_56_27,москва,field_56_29,field_56_30,field_56_31,field_56_32,field_56_33,field_56_34,field_56_35,field_56_36,field_56_37,field_56_38,field_56_39,field_56_40,field_56_41,field_56_42,field_56_43,field_56_44,field_56_45,field_56_46,field_56_47,field_56_48,résumé,field_56_50,field_56_51,field_56_52,field_56_53,field_56_54,field_56_55,field_56_56,field_56_57,field_56_58,field_56_59,field_56_60,field_56_61,field_56_62,field_56_63,field_56_64,field_56_65,field_56_66,field_56_67,field_56_68,field_56_69,field_56_70,field_56_71,field_56_72,field_56_73,field_56_74,field_56_75,field_56_76,naïve,field_56_78,field_56_79,field_56_80,field_56_81,field_56_82,field_56_83,field_56_84,field_56_85,field_56_86,field_56_87,field_56_88,field_56_89,field_56_90,field_56_91,field_56_92,field_56_93,field_56_94,field_56_95,field_56_96,field_56_97,field_56_98,field_56_99
57,Eve,charlie@example.com,42,Sydney,field_57_5,field_57_6,field_57_7,field_57_8,field_57_9,field_57_10,field_57_11,field_57_12,field_57_13,field_57_14,field_57_15,field_57_16,field_57_17,field_57_18,field_57_19,field_57_20,field_57_21,field_57_22,field_57_23,field_57_24,field_57_25,field_57_26,field_57_27,field_57_28,field_57_29,field_57_30,field_57_31,field_57_32,field_57_33,field_57_34,field_57_35,field_57_36,field_57_37,field_57_38,field_57_39,field_57_40,field_57_41,field_57_42,field_57_43,field_57_44,field_57_45,field_57_46,field_57_47,field_57_48,field_57_49,field_57_50,field_57_51,field_57_52,field_57_53,field_57_54,東京,field_57_56,field_57_57,field_57_58,field_57_59,field_57_60,field_57_61,field_57_62,field_57_63,field_57_64,field_57_65,field_57_66,field_57_67,field_57_68,field_57_69,field_57_70,field_57_71,field_57_72,field_57_73,field_57_74,field_57_75,field_57_76,field_57_77,field_57_78,field_57_79,field_57_80,field_57_81,field_57_82,field_57_83,field_57_84,東京,field_57_86,field_57_87,field_57_88,field_57_89,field_57_90,field_57_91,field_57_92,field_57_93,field_57_94,field_57_95,field_57_96,field_57_97,field_57_98,field_57_99
58,Frank,alice@example.com,43,Berlin,field_58_5,field_58_6,field_58_7,field_58_8,field_58_9,field_58_10,field_58_11,field_58_12,field_58_13,field_58_14,field_58_15,field_58_16,field_58_17,field_58_18,field_58_19,field_58_20,field_58_21,field_58_22,field_58_23,field_58_24,field_58_25,field_58_26,field_58_27,field_58_28,field_58_29,field_58_30,field_58_31,field_58_32,field_58_33,field_58_34,field_58_35,field_58_36,field_58_37,field_58_38,field_58_39,field_58_40,field_58_41,field_58_42,field_58_43,field_58_44,field_58_45,field_58_46,field_58_47,field_58_48,field_58_49,field_58_50,field_58_51,field_58_52,field_58_53,field_58_54,field_58_55,field_58_56,field_58_57,field_58_58,field_58_59,field_58_60,field_58_61,field_58_62,field_58_63,field_58_64,field_58_65,field_58_66,field_58_67,field_58_68,field_58_69,field_58_70,field_58_71,field_58_72,field_58_73,field_58_74,field_58_75,field_58_76,field_58_77,field_58_78,field_58_79,field_58_80,field_58_81,field_58_82,field_58_83,field_58_84,field_58_85,field_58_86,field_58_87,field_58_88,field_58_89,field_58_90,field_58_91,field_58_92,field_58_93,field_58_94,field_58_95,field_58_96,field_58_97,field_58_98,field_58_99
59,Grace,bob@example.com,44,Berlin,field_59_5,field_59_6,field_59_7,field_59_8,field_59_9,field_59_10,field_59_11,field_59_12,field_59_13,field_59_14,field_59_15,field_59_16,field_59_17,field_59_18,field_59_19,field_59_20,field_59_21,field_59_22,field_59_23,field_59_24,field_59_25,field_59_26,field_59_27,field_59_28,field_59_29,field_59_30,field_59_31,field_59_32,field_59_33,field_59_34,field_59_35,field_59_36,field_59_37,field_59_38,field_59_39,field_59_40,field_59_41,field_59_42,field_59_43,field_59_44,field_59_45,field_59_46,field_59_47,field_59_48,field_59_49,field_59_50,field_59_51,field_59_52,field_59_53,field_59_54,field_59_55,field_59_56,field_59_57,🚀,field_59_59,field_59_60,field_59_61,field_59_62,field_59_63,field_59_64,field_59_65,field_59_66,field_59_67,field_59_68,naïve,field_59_70,field_59_71,field_59_72,field_59_73,field_59_74,field_59_75,field_59_76,field_59_77,field_59_78,field_59_79,field_59_80,field_59_81,field_59_82,field_59_83,field_59_84,field_59_85,field_59_86,field_59_87,field_59_88,field_59_89,field_59_90,field_59_91,field_59_92,field_59_93,field_59_94,field_59_95,field_59_96,field_59_97,field_59_98,field_59_99
60,Bob,bob@example.com,45,Tokyo,field_60_5,field_60_6,field_60_7,field_60_8,field_60_9,field_60_10,field_60_11,field_60_12,field_60_13,field_60_14,field_60_15,field_60_16,field_60_17,field_60_18,field_60_19,field_60_20,field_60_21,field_60_22,field_60_23,field_60_24,field_60_25,field_60_26,field_60_27,field_60_28,field_60_29,field_60_30,field_60_31,field_60_32,field_60_33,field_60_34,field_60_35,field_60_36,field_60_37,field_60_38,field_60_39,field_60_40,field_60_41,field_60_42,field_60_43,field_60_44,field_60_45,field_60_46,field_60_47,field_60_48,field_60_49,field_60_50,field_60_51,東京,field_60_53,field_60_54,field_60_55,field_60_56,field_60_57,field_60_58,field_60_59,field_60_60,field_60_61,field_60_62,field_60_63,field_60_64,field_60_65,field_60_66,field_60_67,field_60_68,field_60_69,field_60_70,field_60_71,field_60_72,field_60_73,field_60_74,field_60_75,field_60_76,field_60_77,field_60_78,field_60_79,field_60_80,field_60_81,field_60_82,field_60_83,field_60_84,field_60_85,field_60_86,field_60_87,field_60_88,field_60_89,field_60_90,field_60_91,field_60_92,field_60_93,field_60_94,field_60_95,field_60_96,field_60_97,field_60_98,field_60_99
61,Frank,bob@example.com,46,New York,field_61_5,field_61_6,field_61_7,field_61_8,field_61_9,field_61_10,field_61_11,field_61_12,field_61_13,field_61_14,field_61_15,field_61_16,field_61_17,field_61_18,field_61_19,field_61_20,field_61_21,field_61_22,field_61_23,field_61_24,field_61_25,field_61_26,field_61_27,field_61_28,field_61_29,field_61_30,field_61_31,field_61_32,field_61_33,field_61_34,Zürich,field_61_36,field_61_37,field_61_38,field_61_39,field_61_40,field_61_41,field_61_42,field_61_43,field_61_44,field_61_45,field_61_46,field_61_47,field_61_48,field_61_49,field_61_50,field_61_51,field_61_52,field_61_53,field_61_54,москва,field_61_56,field_61_57,field_61_58,field_61_59,field_61_60,field_61_61,field_61_62,field_61_63,field_61_64,field_61_65,field_61_66,field_61_67,field_61_68,field_61_69,field_61_70,field_61_71,field_61_72,field_61_73,field_61_74,field_61_75,field_61_76,field_61_77,field_61_78,field_61_79,field_61_80,field_61_81,field_61_82,field_61_83,field_61_84,field_61_85,field_61_86,field_61_87,field_61_88,field_61_89,field_61_90,field_61_91,field_61_92,field_61_93,field_61_94,field_61_95,field_61_96,field_61_97,field_61_98,field_61_99
62,Bob,eve@example.com,47,São Paulo,field_62_5,field_62_6,field_62_7,field_62_8,field_62_9,field_62_10,field_62_11,field_62_12,field_62_13,field_62_14,field_62_15,field_62_16,field_62_17,field_62_18,field_62_19,field_62_20,field_62_21,field_62_22,field_62_23,field_62_24,field_62_25,field_62_26,field_62_27,field_62_28,field_62_29,field_62_30,field_62_31,field_62_32,field_62_33,field_62_34,field_62_35,field_62_36,field_62_37,naïve,field_62_39,field_62_40,field_62_41,field_62_42,field_62_43,field_62_44,field_62_45,field_62_46,field_62_47,field_62_48,field_62_49,field_62_50,field_62_51,naïve,field_62_53,field_62_54,field_62_55,field_62_56,field_62_57,field_62_58,field_62_59,field_62_60,field_62_61,field_62_62,москва,field_62_64,field_62_65,field_62_66,field_62_67,field_62_68,field_62_69,field_62_70,field_62_71,field_62_72,field_62_73,field_62_74,field_62_75,field_62_76,field_62_77,field_62_78,field_62_79,field_62_80,field_62_81,field_62_82,field_62_83,field_62_84,field_62_85,field_62_86,field_62_87,field_62_88,field_62_89,field_62_90,field_62_91,field_62_92,field_62_93,field_62_94,field_62_95,field_62_96,field_62_97,field_62_98,field_62_99
63,Grace,frank@example.com,48,Sydney,field_63_5,field_63_6,field_63_7,field_63_8,field_63_9,field_63_10,field_63_11,field_63_12,field_63_13,field_63_14,field_63_15,field_63_16,field_63_17,field_63_18,field_63_19,field_63_20,field_63_21,field_63_22,field_63_23,field_63_24,москва,field_63_26,field_63_27,field_63_28,field_63_29,field_63_30,field_63_31,field_63_32,field_63_33,field_63_34,field_63_35,field_63_36,field_63_37,field_63_38,field_63_39,field_63_40,field_63_41,field_63_42,field_63_43,field_63_44,field_63_45,field_63_46,field_63_47,field_63_48,field_63_49,field_63_50,field_63_51,field_63_52,field_63_53,field_63_54,field_63_55,field_63_56,field_63_57,field_63_58,field_63_59,field_63_60,field_63_61,field_63_62,field_63_63,field_63_64,field_63_65,field_63_66,field_63_67,field_63_68,field_63_69,field_63_70,field_63_71,field_63_72,field_63_73,field_63_74,field_63_75,field_63_76,field_63_77,field_63_78,field_63_79,field_63_80,field_63_81,field_63_82,field_63_83,field_63_84,field_63_85,field_63_86,field_63_87,field_63_88,field_63_89,field_63_90,field_63_91,field_63_92,field_63_93,field_63_94,field_63_95,field_63_96,field_63_97,field_63_98,field_63_99
64,Bob,alice@example.com,49,Berlin,field_64_5,field_64_6,field_64_7,field_64_8,field_64_9,field_64_10,field_64_11,field_64_12,field_64_13,field_64_14,field_64_15,field_64_16,field_64_17,field_64_18,field_64_19,field_64_20,field_64_21,field_64_22,field_64_23,field_64_24,field_64_25,field_64_26,field_64_27,field_64_28,field_64_29,field_64_30,field_64_31,field_64_32,field_64_33,field_64_34,field_64_35,field_64_36,field_64_37,field_64_38,field_64_39,field_64_40,field_64_41,field_64_42,field_64_43,field_64_44,field_64_45,field_64_46,field_64_47,field_64_48,field_64_49,field_64_50,field_64_51,field_64_52,field_64_53,field_64_54,field_64_55,field_64_56,field_64_57,field_64_58,field_64_59,field_64_60,field_64_61,field_64_62,field_64_63,field_64_64,field_64_65,field_64_66,field_64_67,field_64_68,field_64_69,field_64_70,field_64_71,field_64_72,field_64_73,field_64_74,field_64_75,field_64_76,field_64_77,field_64_78,field_64_79,field_64_80,field_64_81,field_64_82,field_64_83,field_64_84,field_64_85,field_64_86,field_64_87,field_64_88,field_64_89,field_64_90,field_64_91,field_64_92,field_64_93,field_64_94,field_64_95,field_64_96,field_64_97,field_64_98,field_64_99
65,Frank,charlie@example.com,50,São Paulo,field_65_5,field_65_6,field_65_7,field_65_8,field_65_9,field_65_10,field_65_11,field_65_12,field_65_13,field_65_14,field_65_15,field_65_16,field_65_17,field_65_18,field_65_19,field_65_20,field_65_21,field_65_22,field_65_23,field_65_24,field_65_25,field_65_26,field_65_27,field_65_28,field_65_29,field_65_30,field_65_31,field_65_32,field_65_33,field_65_34,field_65_35,field_65_36,field_65_37,field_65_38,field_65_39,field_65_40,field_65_41,field_65_42,field_65_43,field_65_44,field_65_45,field_65_46,field_65_47,field_65_48,field_65_49,field_65_50,東京,field_65_52,field_65_53,field_65_54,field_65_55,field_65_56,field_65_57,field_65_58,field_65_59,field_65_60,field_65_61,field_65_62,field_65_63,field_65_64,field_65_65,field_65_66,field_65_67,field_65_68,field_65_69,field_65_70,🚀,field_65_72,field_65_73,field_65_74,field_65_75,field_65_76,field_65_77,field_65_78,field_65_79,field_65_80,field_65_81,field_65_82,field_65_83,field_65_84,field_65_85,field_65_86,field_65_87,field_65_88,field_65_89,field_65_90,field_65_91,field_65_92,field_65_93,field_65_94,field_65_95,field_65_96,field_65_97,field_65_98,field_65_99
66,Alice,alice@example.com,51,Berlin,москва,field_66_6,field_66_7,field_66_8,field_66_9,field_66_10,field_66_11,field_66_12,field_66_13,field_66_14,field_66_15,field_66_16,field_66_17,field_66_18,field_66_19,field_66_20,field_66_21,field_66_22,field_66_23,field_66_24,field_66_25,field_66_26,field_66_27,field_66_28,field_66_29,field_66_30,field_66_31,field_66_32,field_66_33,field_66_34,field_66_35,field_66_36,field_66_37,field_66_38,field_66_39,field_66_40,field_66_41,field_66_42,field_66_43,field_66_44,field_66_45,field_66_46,field_66_47,field_66_48,field_66_49,field_66_50,field_66_51,field_66_52,field_66_53,field_66_54,field_66_55,field_66_56,field_66_57,field_66_58,field_66_59,field_66_60,field_66_61,field_66_62,field_66_63,field_66_64,field_66_65,field_66_66,field_66_67,field_66_68,field_66_69,field_66_70,field_66_71,field_66_72,field_66_73,field_66_74,field_66_75,field_66_76,field_66_77,field_66_78,field_66_79,field_66_80,field_66_81,field_66_82,field_66_83,field_66_84,field_66_85,field_66_86,field_66_87,field_66_88,field_66_89,field_66_90,field_66_91,field_66_92,field_66_93,field_66_94,field_66_95,field_66_96,field_66_97,field_66_98,field_66_99
67,Bob,diana@example.com,52,London,field_67_5,field_67_6,field_67_7,field_67_8,field_67_9,field_67_10,field_67_11,field_67_12,field_67_13,field_67_14,field_67_15,field_67_16,field_67_17,field_67_18,field_67_19,field_67_20,field_67_21,field_67_22,field_67_23,field_67_24,field_67_25,field_67_26,field_67_27,field_67_28,field_67_29,field_67_30,field_67_31,field_67_32,field_67_33,field_67_34,🚀,field_67_36,field_67_37,field_67_38,field_67_39,field_67_40,field_67_41,field_67_42,field_67_43,field_67_44,field_67_45,field_67_46,field_67_47,field_67_48,field_67_49,field_67_50,field_67_51,field_67_52,field_67_53,field_67_54,field_67_55,field_67_56,field_67_57,field_67_58,field_67_59,field_67_60,field_67_61,field_67_62,field_67_63,field_67_64,field_67_65,field_67_66,field_67_67,field_67_68,field_67_69,field_67_70,field_67_71,field_67_72,field_67_73,field_67_74,field_67_75,field_67_76,field_67_77,field_67_78,field_67_79,field_67_80,café,field_67_82,field_67_83,field_67_84,field_67_85,field_67_86,field_67_87,field_67_88,field_67_89,naïve,field_67_91,field_67_92,field_67_93,field_67_94,field_67_95,field_67_96,field_67_97,field_67_98,field_67_99
68,Charlie,diana@example.com,53,Paris,field_68_5,field_68_6,field_68_7,field_68_8,field_68_9,field_68_10,field_68_11,field_68_12,field_68_13,field_68_14,field_68_15,field_68_16,field_68_17,field_68_18,field_68_19,field_68_20,field_68_21,field_68_22,field_68_23,field_68_24,field_68_25,field_68_26,field_68_27,field_68_28,field_68_29,field_68_30,field_68_31,field_68_32,field_68_33,field_68_34,field_68_35,field_68_36,field_68_37,field_68_38,field_68_39,field_68_40,field_68_41,field_68_42,field_68_43,field_68_44,field_68_45,field_68_46,field_68_47,field_68_48,field_68_49,field_68_50,field_68_51,field_68_52,field_68_53,field_68_54,field_68_55,field_68_56,field_68_57,field_68_58,field_68_59,field_68_60,field_68_61,field_68_62,field_68_63,field_68_64,field_68_65,field_68_66,field_68_67,field_68_68,field_68_69,field_68_70,field_68_71,field_68_72,field_68_73,field_68_74,field_68_75,field_68_76,field_68_77,field_68_78,field_68_79,field_68_80,field_68_81,field_68_82,field_68_83,field_68_84,field_68_85,field_68_86,field_68_87,field_68_88,field_68_89,field_68_90,field_68_91,field_68_92,field_68_93,field_68_94,field_68_95,field_68_96,field_68_97,field_68_98,field_68_99
69,Frank,diana@example.com,54,São Paulo,field_69_5,field_69_6,field_69_7,field_69_8,field_69_9,field_69_10,field_69_11,field_69_12,field_69_13,field_69_14,field_69_15,field_69_16,field_69_17,field_69_18,field_69_19,field_69_20,field_69_21,field_69_22,field_69_23,field_69_24,field_69_25,field_69_26,field_69_27,field_69_28,field_69_29,field_69_30,field_69_31,field_69_32,field_69_33,field_69_34,field_69_35,field_69_36,field_69_37,field_69_38,field_69_39,field_69_40,field_69_41,field_69_42,field_69_43,field_69_44,field_69_45,field_69_46,field_69_47,field_69_48,field_69_49,field_69_50,field_69_51,field_69_52,field_69_53,field_69_54,field_69_55,field_69_56,field_69_57,field_69_58,field_69_59,field_69_60,field_69_61,field_69_62,field_69_63,field_69_64,field_69_65,field_69_66,field_69_67,field_69_68,field_69_69,field_69_70,field_69_71,field_69_72,field_69_73,field_69_74,field_69_75,field_69_76,field_69_77,café,field_69_79,field_69_80,field_69_81,field_69_82,field_69_83,field_69_84,field_69_85,field_69_86,field_69_87,field_69_88,field_69_89,field_69_90,field_69_91,field_69_92,field_69_93,field_69_94,field_69_95,field_69_96,field_69_97,field_69_98,field_69_99
70,Grace,diana@example.com,55,New York,field_70_5,field_70_6,field_70_7,field_70_8,field_70_9,field_70_10,field_70_11,field_70_12,field_70_13,field_70_14,field_70_15,field_70_16,field_70_17,field_70_18,field_70_19,field_70_20,field_70_21,field_70_22,field_70_23,field_70_24,field_70_25,field_70_26,field_70_27,field_70_28,field_70_29,field_70_30,field_70_31,field_70_32,field_70_33,field_70_34,field_70_35,field_70_36,field_70_37,field_70_38,field_70_39,field_70_40,field_70_41,field_70_42,field_70_43,field_70_44,field_70_45,field_70_46,field_70_47,field_70_48,field_70_49,field_70_50,field_70_51,field_70_52,field_70_53,field_70_54,field_70_55,field_70_56,field_70_57,field_70_58,field_70_59,field_70_60,москва,field_70_62,field_70_63,field_70_64,field_70_65,field_70_66,field_70_67,field_70_68,field_70_69,field_70_70,field_70_71,field_70_72,field_70_73,field_70_74,field_70_75,field_70_76,field_70_77,field_70_78,field_70_79,field_70_80,field_70_81,field_70_82,Zürich,field_70_84,field_70_85,field_70_86,field_70_87,field_70_88,field_70_89,field_70_90,field_70_91,field_70_92,field_70_93,field_70_94,field_70_95,field_70_96,field_70_97,field_70_98,field_70_99
71,Eve,alice@example.com,56,Berlin,field_71_5,café,field_71_7,field_71_8,field_71_9,field_71_10,field_71_11,field_71_12,field_71_13,field_71_14,field_71_15,field_71_16,field_71_17,field_71_18,field_71_19,field_71_20,field_71_21,field_71_22,field_71_23,field_71_24,field_71_25,field_71_26,field_71_27,field_71_28,naïve,field_71_30,field_71_31,field_71_32,field_71_33,field_71_34,field_71_35,field_71_36,field_71_37,field_71_38,field_71_39,field_71_40,field_71_41,field_71_42,field_71_43,field_71_44,field_71_45,field_71_46,field_71_47,field_71_48,field_71_49,field_71_50,field_71_51,field_71_52,field_71_53,field_71_54,field_71_55,field_71_56,field_71_57,field_71_58,field_71_59,field_71_60,field_71_61,field_71_62,field_71_63,field_71_64,field_71_65,field_71_66,field_71_67,東京,field_71_69,field_71_70,field_71_71,field_71_72,field_71_73,field_71_74,field_71_75,field_71_76,field_71_77,field_71_78,field_71_79,field_71_80,field_71_81,field_71_82,field_71_83,field_71_84,field_71_85,field_71_86,field_71_87,field_71_88,field_71_89,field_71_90,field_71_91,field_71_92,field_71_93,field_71_94,field_71_95,field_71_96,field_71_97,field_71_98,field_71_99
72,Charlie,alice@example.com,57,résumé,field_72_5,field_72_6,field_72_7,field_72_8,field_72_9,field_72_10,field_72_11,field_72_12,field_72_13,field_72_14,field_72_15,москва,field_72_17,field_72_18,field_72_19,field_72_20,field_72_21,field_72_22,field_72_23,field_72_24,field_72_25,field_72_26,field_72_27,field_72_28,field_72_29,field_72_30,field_72_31,field_72_32,field_72_33,field_72_34,field_72_35,field_72_36,field_72_37,field_72_38,field_72_39,field_72_40,field_72_41,field_72_42,field_72_43,field_72_44,field_72_45,field_72_46,field_72_47,field_72_48,field_72_49,field_72_50,field_72_51,field_72_52,field_72_53,field_72_54,field_72_55,field_72_56,field_72_57,field_72_58,field_72_59,field_72_60,field_72_61,field_72_62,field_72_63,field_72_64,field_72_65,field_72_66,field_72_67,field_72_68,field_72_69,field_72_70,field_72_71,field_72_72,field_72_73,field_72_74,field_72_75,field_72_76,résumé,field_72_78,field_72_79,field_72_80,field_72_81,field_72_82,field_72_83,field_72_84,field_72_85,field_72_86,field_72_87,field_72_88,field_72_89,field_72_90,field_72_91,field_72_92,field_72_93,field_72_94,field_72_95,field_72_96,field_72_97,field_72_98,field_72_99
73,Eve,alice@example.com,58,Berlin,field_73_5,field_73_6,field_73_7,field_73_8,field_73_9,field_73_10,field_73_11,field_73_12,field_73_13,field_73_14,field_73_15,field_73_16,field_73_17,field_73_18,field_73_19,field_73_20,field_73_21,field_73_22,field_73_23,field_73_24,field_73_25,field_73_26,field_73_27,field_73_28,field_73_29,field_73_30,field_73_31,résumé,field_73_33,field_73_34,field_73_35,field_73_36,field_73_37,field_73_38,field_73_39,field_73_40,field_73_41,field_73_42,field_73_43,field_73_44,field_73_45,field_73_46,field_73_47,field_73_48,field_73_49,field_73_50,field_73_51,field_73_52,field_73_53,field_73_54,field_73_55,field_73_56,field_73_57,field_73_58,field_73_59,field_73_60,field_73_61,field_73_62,field_73_63,field_73_64,field_73_65,field_73_66,field_73_67,field_73_68,field_73_69,field_73_70,field_73_71,field_73_72,field_73_73,field_73_74,field_73_75,field_73_76,field_73_77,field_73_78,field_73_79,field_73_80,field_73_81,field_73_82,café,field_73_84,field_73_85,field_73_86,field_73_87,field_73_88,field_73_89,field_73_90,field_73_91,field_73_92,field_73_93,field_73_94,field_73_95,field_73_96,field_73_97,field_73_98,field_73_99
74,Eve,diana@example.com,59,naïve,field_74_5,field_74_6,field_74_7,field_74_8,field_74_9,field_74_10,field_74_11,field_74_12,field_74_13,field_74_14,field_74_15,field_74_16,field_74_17,field_74_18,field_74_19,field_74_20,field_74_21,café,field_74_23,field_74_24,field_74_25,field_74_26,field_74_27,field_74_28,field_74_29,field_74_30,field_74_31,field_74_32,field_74_33,field_74_34,field_74_35,field_74_36,field_74_37,field_74_38,field_74_39,field_74_40,field_74_41,field_74_42,field_74_43,field_74_44,field_74_45,field_74_46,field_74_47,field_74_48,field_74_49,field_74_50,field_74_51,field_74_52,field_74_53,field_74_54,field_74_55,résumé,field_74_57,field_74_58,field_74_59,field_74_60,field_74_61,field_74_62,field_74_63,field_74_64,field_74_65,field_74_66,field_74_67,field_74_68,field_74_69,field_74_70,field_74_71,field_74_72,field_74_73,field_74_74,field_74_75,field_74_76,field_74_77,field_74_78,field_74_79,field_74_80,field_74_81,field_74_82,field_74_83,field_74_84,field_74_85,field_74_86,field_74_87,field_74_88,café,field_74_90,field_74_91,field_74_92,field_74_93,field_74_94,field_74_95,москва,field_74_97,field_74_98,field_74_99
75,Grace,diana@example.com,60,São Paulo,field_75_5,field_75_6,field_75_7,field_75_8,field_75_9,field_75_10,field_75_11,field_75_12,field_75_13,field_75_14,field_75_15,field_75_16,field_75_17,field_75_18,field_75_19,field_75_20,field_75_21,field_75_22,résumé,field_75_24,field_75_25,field_75_26,field_75_27,field_75_28,field_75_29,field_75_30,field_75_31,field_75_32,field_75_33,field_75_34,field_75_35,field_75_36,field_75_37,field_75_38,field_75_39,field_75_40,🚀,field_75_42,naïve,field_75_44,field_75_45,field_75_46,field_75_47,field_75_48,field_75_49,field_75_50,field_75_51,field_75_52,field_75_53,field_75_54,field_75_55,field_75_56,field_75_57,field_75_58,field_75_59,field_75_60,field_75_61,field_75_62,field_75_63,field_75_64,field_75_65,field_75_66,field_75_67,field_75_68,field_75_69,field_75_70,field_75_71,field_75_72,field_75_73,field_75_74,field_75_75,field_75_76,field_75_77,field_75_78,field_75_79,field_75_80,field_75_81,field_75_82,field_75_83,field_75_84,field_75_85,field_75_86,field_75_87,field_75_88,naïve,field_75_90,field_75_91,field_75_92,Zürich,field_75_94,field_75_95,field_75_96,field_75_97,field_75_98,field_75_99
76,Diana,eve@example.com,61,москва,field_76_5,field_76_6,field_76_7,field_76_8,field_76_9,field_76_10,field_76_11,field_76_12,field_76_13,field_76_14,field_76_15,field_76_16,field_76_17,field_76_18,field_76_19,field_76_20,field_76_21,field_76_22,field_76_23,field_76_24,field_76_25,field_76_26,field_76_27,field_76_28,field_76_29,field_76_30,field_76_31,field_76_32,field_76_33,field_76_34,field_76_35,field_76_36,field_76_37,field_76_38,field_76_39,field_76_40,field_76_41,field_76_42,field_76_43,field_76_44,field_76_45,field_76_46,field_76_47,field_76_48,field_76_49,field_76_50,field_76_51,field_76_52,field_76_53,field_76_54,field_76_55,field_76_56,field_76_57,field_76_58,field_76_59,field_76_60,naïve,field_76_62,field_76_63,field_76_64,field_76_65,field_76_66,field_76_67,field_76_68,field_76_69,field_76_70,field_76_71,field_76_72,field_76_73,field_76_74,field_76_75,field_76_76,field_76_77,field_76_78,field_76_79,field_76_80,field_76_81,field_76_82,field_76_83,field_76_84,field_76_85,field_76_86,field_76_87,field_76_88,field_76_89,field_76_90,field_76_91,field_76_92,field_76_93,field_76_94,field_76_95,field_76_96,field_76_97,field_76_98,field_76_99
77,Diana,bob@example.com,62,Sydney,field_77_5,field_77_6,field_77_7,field_77_8,field_77_9,field_77_10,field_77_11,field_77_12,field_77_13,field_77_14,field_77_15,field_77_16,field_77_17,field_77_18,field_77_19,field_77_20,field_77_21,field_77_22,field_77_23,field_77_24,field_77_25,field_77_26,field_77_27,field_77_28,field_77_29,field_77_30,field_77_31,field_77_32,field_77_33,field_77_34,field_77_35,field_77_36,field_77_37,field_77_38,field_77_39,field_77_40,field_77_41,field_77_42,field_77_43,field_77_44,field_77_45,field_77_46,field_77_47,field_77_48,field_77_49,field_77_50,field_77_51,field_77_52,naïve,field_77_54,field_77_55,field_77_56,field_77_57,field_77_58,field_77_59,field_77_60,field_77_61,field_77_62,field_77_63,field_77_64,field_77_65,field_77_66,field_77_67,field_77_68,field_77_69,field_77_70,field_77_71,field_77_72,field_77_73,field_77_74,field_77_75,field_77_76,field_77_77,москва,field_77_79,field_77_80,field_77_81,field_77_82,field_77_83,field_77_84,field_77_85,field_77_86,field_77_87,field_77_88,field_77_89,field_77_90,field_77_91,field_77_92,field_77_93,field_77_94,field_77_95,field_77_96,field_77_97,field_77_98,field_77_99
78,Alice,alice@example.com,63,New York,field_78_5,field_78_6,field_78_7,field_78_8,field_78_9,field_78_10,field_78_11,field_78_12,field_78_13,field_78_14,field_78_15,field_78_16,field_78_17,field_78_18,field_78_19,field_78_20,field_78_21,field_78_22,field_78_23,field_78_24,field_78_25,field_78_26,field_78_27,field_78_28,field_78_29,field_78_30,field_78_31,field_78_32,field_78_33,field_78_34,field_78_35,field_78_36,field_78_37,field_78_38,field_78_39,field_78_40,field_78_41,field_78_42,field_78_43,field_78_44,field_78_45,Zürich,field_78_47,field_78_48,field_78_49,field_78_50,field_78_51,field_78_52,field_78_53,field_78_54,field_78_55,field_78_56,field_78_57,field_78_58,field_78_59,field_78_60,field_78_61,field_78_62,field_78_63,field_78_64,field_78_65,field_78_66,field_78_67,field_78_68,field_78_69,field_78_70,field_78_71,field_78_72,field_78_73,field_78_74,field_78_75,field_78_76,field_78_77,field_78_78,field_78_79,field_78_80,field_78_81,field_78_82,field_78_83,field_78_84,field_78_85,field_78_86,field_78_87,field_78_88,field_78_89,field_78_90,field_78_91,field_78_92,field_78_93,field_78_94,field_78_95,field_78_96,field_78_97,field_78_98,field_78_99
79,東京,frank@example.com,64,Paris,field_79_5,field_79_6,field_79_7,field_79_8,field_79_9,field_79_10,field_79_11,field_79_12,field_79_13,field_79_14,field_79_15,field_79_16,field_79_17,field_79_18,field_79_19,field_79_20,field_79_21,field_79_22,field_79_23,field_79_24,field_79_25,field_79_26,field_79_27,field_79_28,field_79_29,field_79_30,field_79_31,field_79_32,field_79_33,field_79_34,🚀,field_79_36,field_79_37,field_79_38,field_79_39,field_79_40,field_79_41,field_79_42,field_79_43,field_79_44,field_79_45,field_79_46,field_79_47,field_79_48,field_79_49,field_79_50,field_79_51,field_79_52,field_79_53,field_79_54,field_79_55,field_79_56,field_79_57,field_79_58,field_79_59,field_79_60,field_79_61,field_79_62,field_79_63,field_79_64,field_79_65,field_79_66,field_79_67,field_79_68,field_79_69,field_79_70,field_79_71,résumé,field_79_73,field_79_74,field_79_75,field_79_76,field_79_77,field_79_78,field_79_79,field_79_80,field_79_81,field_79_82,field_79_83,field_79_84,field_79_85,field_79_86,field_79_87,field_79_88,field_79_89,field_79_90,field_79_91,field_79_92,field_79_93,field_79_94,field_79_95,field_79_96,field_79_97,field_79_98,field_79_99
80,café,charlie@example.com,25,Berlin,field_80_5,field_80_6,field_80_7,field_80_8,field_80_9,field_80_10,field_80_11,field_80_12,field_80_13,field_80_14,field_80_15,field_80_16,field_80_17,field_80_18,field_80_19,field_80_20,field_80_21,field_80_22,field_80_23,field_80_24,field_80_25,field_80_26,field_80_27,field_80_28,field_80_29,field_80_30,field_80_31,field_80_32,field_80_33,field_80_34,field_80_35,field_80_36,field_80_37,field_80_38,field_80_39,field_80_40,field_80_41,field_80_42,field_80_43,field_80_44,field_80_45,field_80_46,field_80_47,field_80_48,field_80_49,field_80_50,field_80_51,field_80_52,field_80_53,field_80_54,field_80_55,field_80_56,field_80_57,field_80_58,field_80_59,field_80_60,field_80_61,field_80_62,field_80_63,field_80_64,field_80_65,field_80_66,field_80_67,field_80_68,field_80_69,field_80_70,field_80_71,field_80_72,field_80_73,field_80_74,field_80_75,field_80_76,field_80_77,field_80_78,field_80_79,field_80_80,field_80_81,field_80_82,field_80_83,field_80_84,field_80_85,field_80_86,field_80_87,field_80_88,field_80_89,field_80_90,field_80_91,field_80_92,field_80_93,field_80_94,field_80_95,field_80_96,field_80_97,field_80_98,field_80_99
81,Bob,alice@example.com,26,Sydney,field_81_5,field_81_6,field_81_7,field_81_8,field_81_9,field_81_10,field_81_11,field_81_12,field_81_13,field_81_14,field_81_15,field_81_16,field_81_17,field_81_18,field_81_19,field_81_20,field_81_21,field_81_22,field_81_23,field_81_24,field_81_25,field_81_26,field_81_27,field_81_28,field_81_29,field_81_30,field_81_31,field_81_32,field_81_33,field_81_34,field_81_35,field_81_36,field_81_37,field_81_38,field_81_39,field_81_40,field_81_41,field_81_42,field_81_43,field_81_44,field_81_45,field_81_46,field_81_47,field_81_48,field_81_49,field_81_50,field_81_51,field_81_52,field_81_53,field_81_54,field_81_55,москва,field_81_57,field_81_58,field_81_59,field_81_60,field_81_61,field_81_62,field_81_63,field_81_64,field_81_65,field_81_66,field_81_67,field_81_68,field_81_69,field_81_70,field_81_71,field_81_72,field_81_73,field_81_74,field_81_75,field_81_76,field_81_77,field_81_78,field_81_79,field_81_80,field_81_81,field_81_82,field_81_83,field_81_84,field_81_85,field_81_86,field_81_87,field_81_88,field_81_89,field_81_90,field_81_91,field_81_92,field_81_93,field_81_94,field_81_95,field_81_96,field_81_97,field_81_98,field_81_99
82,Alice,grace@example.com,27,Tokyo,field_82_5,field_82_6,field_82_7,field_82_8,field_82_9,field_82_10,café,field_82_12,field_82_13,field_82_14,field_82_15,field_82_16,field_82_17,field_82_18,field_82_19,field_82_20,field_82_21,field_82_22,field_82_23,field_82_24,field_82_25,field_82_26,field_82_27,field_82_28,field_82_29,field_82_30,field_82_31,field_82_32,field_82_33,field_82_34,field_82_35,field_82_36,field_82_37,field_82_38,field_82_39,field_82_40,field_82_41,field_82_42,field_82_43,field_82_44,field_82_45,field_82_46,field_82_47,field_82_48,field_82_49,field_82_50,field_82_51,field_82_52,field_82_53,field_82_54,field_82_55,field_82_56,field_82_57,field_82_58,field_82_59,field_82_60,field_82_61,field_82_62,field_82_63,field_82_64,東京,field_82_66,field_82_67,field_82_68,field_82_69,field_82_70,field_82_71,field_82_72,field_82_73,field_82_74,field_82_75,field_82_76,field_82_77,field_82_78,field_82_79,field_82_80,field_82_81,field_82_82,field_82_83,field_82_84,field_82_85,field_82_86,field_82_87,москва,field_82_89,field_82_90,field_82_91,field_82_92,field_82_93,field_82_94,field_82_95,field_82_96,field_82_97,field_82_98,field_82_99
83,Bob,alice@example.com,28,New York,field_83_5,field_83_6,field_83_7,field_83_8,東京,field_83_10,field_83_11,field_83_12,field_83_13,field_83_14,field_83_15,field_83_16,field_83_17,field_83_18,field_83_19,🚀,field_83_21,field_83_22,🚀,field_83_24,field_83_25,field_83_26,field_83_27,field_83_28,field_83_29,field_83_30,field_83_31,field_83_32,field_83_33,field_83_34,field_83_35,field_83_36,field_83_37,field_83_38,field_83_39,field_83_40,field_83_41,field_83_42,field_83_43,field_83_44,field_83_45,field_83_46,field_83_47,field_83_48,field_83_49,field_83_50,field_83_51,field_83_52,field_83_53,field_83_54,field_83_55,field_83_56,field_83_57,field_83_58,field_83_59,field_83_60,field_83_61,field_83_62,field_83_63,field_83_64,field_83_65,field_83_66,field_83_67,field_83_68,field_83_69,field_83_70,field_83_71,field_83_72,field_83_73,field_83_74,field_83_75,field_83_76,field_83_77,field_83_78,field_83_79,field_83_80,field_83_81,field_83_82,field_83_83,field_83_84,field_83_85,field_83_86,field_83_87,field_83_88,field_83_89,field_83_90,field_83_91,field_83_92,field_83_93,field_83_94,field_83_95,field_83_96,field_83_97,field_83_98,field_83_99
84,Charlie,eve@example.com,29,London,field_84_5,field_84_6,field_84_7,field_84_8,field_84_9,field_84_10,field_84_11,field_84_12,field_84_13,field_84_14,field_84_15,field_84_16,field_84_17,field_84_18,field_84_19,field_84_20,field_84_21,field_84_22,field_84_23,field_84_24,naïve,field_84_26,field_84_27,field_84_28,field_84_29,field_84_30,field_84_31,field_84_32,field_84_33,field_84_34,field_84_35,field_84_36,field_84_37,field_84_38,field_84_39,field_84_40,field_84_41,field_84_42,field_84_43,field_84_44,field_84_45,field_84_46,field_84_47,field_84_48,field_84_49,field_84_50,field_84_51,field_84_52,field_84_53,field_84_54,field_84_55,field_84_56,field_84_57,field_84_58,field_84_59,naïve,field_84_61,field_84_62,field_84_63,field_84_64,field_84_65,field_84_66,field_84_67,field_84_68,field_84_69,field_84_70,field_84_71,field_84_72,field_84_73,field_84_74,field_84_75,field_84_76,🚀,field_84_78,field_84_79,field_84_80,field_84_81,field_84_82,field_84_83,field_84_84,東京,field_84_86,field_84_87,field_84_88,field_84_89,field_84_90,field_84_91,field_84_92,field_84_93,field_84_94,field_84_95,field_84_96,field_84_97,field_84_98,field_84_99
85,Bob,diana@example.com,30,São Paulo,field_85_5,field_85_6,field_85_7,field_85_8,field_85_9,field_85_10,field_85_11,field_85_12,field_85_13,field_85_14,field_85_15,field_85_16,field_85_17,field_85_18,field_85_19,field_85_20,field_85_21,field_85_22,москва,field_85_24,field_85_25,field_85_26,field_85_27,field_85_28,field_85_29,field_85_30,field_85_31,field_85_32,field_85_33,field_85_34,field_85_35,field_85_36,field_85_37,field_85_38,field_85_39,field_85_40,field_85_41,field_85_42,field_85_43,field_85_44,résumé,field_85_46,field_85_47,field_85_48,field_85_49,field_85_50,field_85_51,field_85_52,field_85_53,field_85_54,field_85_55,field_85_56,field_85_57,field_85_58,field_85_59,field_85_60,field_85_61,naïve,field_85_63,field_85_64,field_85_65,field_85_66,field_85_67,field_85_68,field_85_69,field_85_70,field_85_71,field_85_72,field_85_73,field_85_74,field_85_75,field_85_76,field_85_77,field_85_78,field_85_79,field_85_80,field_85_81,field_85_82,field_85_83,field_85_84,field_85_85,field_85_86,field_85_87,field_85_88,field_85_89,field_85_90,field_85_91,field_85_92,field_85_93,field_85_94,field_85_95,field_85_96,field_85_97,field_85_98,field_85_99
86,Bob,bob@example.com,31,London,field_86_5,field_86_6,field_86_7,field_86_8,field_86_9,field_86_10,field_86_11,field_86_12,field_86_13,field_86_14,field_86_15,field_86_16,field_86_17,field_86_18,field_86_19,field_86_20,Zürich,field_86_22,field_86_23,field_86_24,field_86_25,field_86_26,field_86_27,field_86_28,field_86_29,field_86_30,field_86_31,field_86_32,field_86_33,field_86_34,field_86_35,field_86_36,field_86_37,field_86_38,field_86_39,field_86_40,field_86_41,field_86_42,field_86_43,field_86_44,field_86_45,field_86_46,field_86_47,field_86_48,field_86_49,field_86_50,field_86_51,field_86_52,field_86_53,field_86_54,field_86_55,field_86_56,field_86_57,field_86_58,field_86_59,field_86_60,field_86_61,field_86_62,field_86_63,field_86_64,field_86_65,field_86_66,field_86_67,field_86_68,field_86_69,field_86_70,field_86_71,field_86_72,field_86_73,field_86_74,field_86_75,field_86_76,field_86_77,field_86_78,field_86_79,field_86_80,field_86_81,field_86_82,field_86_83,field_86_84,field_86_85,field_86_86,field_86_87,field_86_88,field_86_89,field_86_90,field_86_91,field_86_92,field_86_93,field_86_94,field_86_95,field_86_96,field_86_97,field_86_98,field_86_99
87,Bob,diana@example.com,32,Berlin,field_87_5,field_87_6,field_87_7,field_87_8,field_87_9,field_87_10,field_87_11,field_87_12,field_87_13,field_87_14,field_87_15,field_87_16,field_87_17,field_87_18,field_87_19,field_87_20,field_87_21,field_87_22,field_87_23,field_87_24,field_87_25,field_87_26,🚀,field_87_28,field_87_29,field_87_30,field_87_31,field_87_32,field_87_33,field_87_34,field_87_35,field_87_36,field_87_37,field_87_38,field_87_39,field_87_40,field_87_41,field_87_42,field_87_43,field_87_44,field_87_45,field_87_46,field_87_47,field_87_48,field_87_49,field_87_50,field_87_51,field_87_52,Zürich,field_87_54,field_87_55,field_87_56,field_87_57,field_87_58,field_87_59,field_87_60,field_87_61,field_87_62,field_87_63,field_87_64,field_87_65,field_87_66,field_87_67,field_87_68,field_87_69,field_87_70,field_87_71,field_87_72,field_87_73,field_87_74,field_87_75,field_87_76,field_87_77,field_87_78,field_87_79,field_87_80,field_87_81,field_87_82,field_87_83,field_87_84,field_87_85,field_87_86,field_87_87,field_87_88,field_87_89,field_87_90,field_87_91,field_87_92,field_87_93,field_87_94,field_87_95,field_87_96,field_87_97,résumé,field_87_99
88,Grace,alice@example.com,33,New York,field_88_5,field_88_6,field_88_7,field_88_8,field_88_9,field_88_10,field_88_11,field_88_12,field_88_13,field_88_14,field_88_15,field_88_16,field_88_17,field_88_18,field_88_19,field_88_20,field_88_21,field_88_22,field_88_23,field_88_24,field_88_25,field_88_26,field_88_27,field_88_28,field_88_29,field_88_30,field_88_31,field_88_32,field_88_33,field_88_34,field_88_35,field_88_36,field_88_37,field_88_38,field_88_39,field_88_40,field_88_41,field_88_42,field_88_43,field_88_44,field_88_45,field_88_46,field_88_47,field_88_48,field_88_49,field_88_50,field_88_51,field_88_52,field_88_53,field_88_54,field_88_55,field_88_56,field_88_57,field_88_58,field_88_59,field_88_60,field_88_61,field_88_62,field_88_63,field_88_64,field_88_65,field_88_66,field_88_67,field_88_68,field_88_69,field_88_70,field_88_71,field_88_72,field_88_73,field_88_74,field_88_75,field_88_76,field_88_77,field_88_78,field_88_79,field_88_80,field_88_81,field_88_82,field_88_83,field_88_84,field_88_85,field_88_86,field_88_87,field_88_88,field_88_89,field_88_90,field_88_91,field_88_92,field_88_93,field_88_94,field_88_95,field_88_96,field_88_97,field_88_98,field_88_99
89,Diana,grace@example.com,34,London,field_89_5,field_89_6,field_89_7,field_89_8,field_89_9,field_89_10,field_89_11,field_89_12,field_89_13,field_89_14,field_89_15,field_89_16,field_89_17,field_89_18,field_89_19,field_89_20,field_89_21,field_89_22,field_89_23,field_89_24,field_89_25,field_89_26,field_89_27,field_89_28,field_89_29,field_89_30,field_89_31,field_89_32,field_89_33,field_89_34,field_89_35,field_89_36,field_89_37,field_89_38,field_89_39,field_89_40,field_89_41,field_89_42,field_89_43,field_89_44,field_89_45,field_89_46,field_89_47,field_89_48,field_89_49,field_89_50,field_89_51,field_89_52,field_89_53,naïve,field_89_55,field_89_56,field_89_57,field_89_58,field_89_59,field_89_60,field_89_61,field_89_62,field_89_63,field_89_64,field_89_65,field_89_66,field_89_67,field_89_68,field_89_69,field_89_70,field_89_71,field_89_72,field_89_73,field_89_74,field_89_75,field_89_76,field_89_77,field_89_78,field_89_79,field_89_80,field_89_81,field_89_82,field_89_83,field_89_84,field_89_85,field_89_86,field_89_87,field_89_88,field_89_89,field_89_90,field_89_91,field_89_92,field_89_93,field_89_94,field_89_95,field_89_96,field_89_97,field_89_98,field_89_99
90,Eve,diana@example.com,35,São Paulo,field_90_5,field_90_6,field_90_7,field_90_8,field_90_9,field_90_10,field_90_11,field_90_12,field_90_13,field_90_14,field_90_15,field_90_16,field_90_17,field_90_18,field_90_19,東京,field_90_21,field_90_22,field_90_23,field_90_24,field_90_25,field_90_26,field_90_27,field_90_28,café,field_90_30,москва,field_90_32,field_90_33,field_90_34,field_90_35,field_90_36,field_90_37,field_90_38,field_90_39,field_90_40,field_90_41,field_90_42,field_90_43,field_90_44,field_90_45,field_90_46,field_90_47,field_90_48,field_90_49,field_90_50,field_90_51,field_90_52,field_90_53,field_90_54,field_90_55,field_90_56,field_90_57,field_90_58,field_90_59,field_90_60,field_90_61,field_90_62,field_90_63,field_90_64,field_90_65,field_90_66,field_90_67,field_90_68,field_90_69,naïve,field_90_71,field_90_72,field_90_73,field_90_74,field_90_75,field_90_76,field_90_77,field_90_78,field_90_79,field_90_80,field_90_81,field_90_82,field_90_83,field_90_84,field_90_85,field_90_86,field_90_87,field_90_88,field_90_89,field_90_90,naïve,field_90_92,field_90_93,field_90_94,field_90_95,field_90_96,field_90_97,field_90_98,field_90_99
91,Grace,grace@example.com,36,Paris,field_91_5,field_91_6,field_91_7,field_91_8,field_91_9,field_91_10,field_91_11,field_91_12,field_91_13,field_91_14,field_91_15,field_91_16,field_91_17,field_91_18,field_91_19,field_91_20,field_91_21,field_91_22,field_91_23,field_91_24,café,field_91_26,field_91_27,field_91_28,field_91_29,field_91_30,field_91_31,field_91_32,field_91_33,field_91_34,field_91_35,field_91_36,field_91_37,field_91_38,field_91_39,field_91_40,field_91_41,field_91_42,field_91_43,field_91_44,field_91_45,field_91_46,field_91_47,field_91_48,field_91_49,field_91_50,field_91_51,field_91_52,field_91_53,field_91_54,field_91_55,field_91_56,field_91_57,field_91_58,field_91_59,field_91_60,field_91_61,field_91_62,field_91_63,field_91_64,field_91_65,field_91_66,field_91_67,field_91_68,field_91_69,field_91_70,field_91_71,field_91_72,field_91_73,field_91_74,field_91_75,field_91_76,field_91_77,field_91_78,field_91_79,field_91_80,москва,field_91_82,field_91_83,field_91_84,field_91_85,field_91_86,field_91_87,field_91_88,field_91_89,field_91_90,field_91_91,field_91_92,field_91_93,field_91_94,field_91_95,field_91_96,field_91_97,field_91_98,field_91_99
92,Diana,frank@example.com,37,London,field_92_5,field_92_6,field_92_7,field_92_8,field_92_9,field_92_10,field_92_11,field_92_12,field_92_13,field_92_14,field_92_15,field_92_16,field_92_17,field_92_18,field_92_19,field_92_20,field_92_21,field_92_22,東京,field_92_24,field_92_25,field_92_26,field_92_27,field_92_28,field_92_29,field_92_30,field_92_31,field_92_32,field_92_33,field_92_34,field_92_35,field_92_36,field_92_37,field_92_38,field_92_39,field_92_40,field_92_41,field_92_42,field_92_43,field_92_44,field_92_45,field_92_46,field_92_47,field_92_48,field_92_49,field_92_50,field_92_51,field_92_52,field_92_53,field_92_54,field_92_55,field_92_56,field_92_57,field_92_58,field_92_59,field_92_60,field_92_61,field_92_62,field_92_63,field_92_64,field_92_65,field_92_66,field_92_67,field_92_68,field_92_69,field_92_70,field_92_71,field_92_72,field_92_73,field_92_74,field_92_75,field_92_76,field_92_77,field_92_78,field_92_79,field_92_80,field_92_81,field_92_82,field_92_83,field_92_84,field_92_85,field_92_86,field_92_87,field_92_88,field_92_89,field_92_90,field_92_91,field_92_92,field_92_93,field_92_94,field_92_95,field_92_96,field_92_97,field_92_98,field_92_99
93,Diana,bob@example.com,38,New York,field_93_5,field_93_6,field_93_7,field_93_8,field_93_9,field_93_10,field_93_11,field_93_12,field_93_13,field_93_14,field_93_15,field_93_16,field_93_17,field_93_18,field_93_19,field_93_20,field_93_21,field_93_22,field_93_23,field_93_24,field_93_25,field_93_26,field_93_27,field_93_28,field_93_29,field_93_30,field_93_31,field_93_32,field_93_33,field_93_34,field_93_35,field_93_36,field_93_37,field_93_38,field_93_39,field_93_40,field_93_41,field_93_42,field_93_43,field_93_44,field_93_45,field_93_46,field_93_47,field_93_48,field_93_49,field_93_50,field_93_51,field_93_52,field_93_53,field_93_54,field_93_55,field_93_56,field_93_57,field_93_58,field_93_59,field_93_60,field_93_61,field_93_62,résumé,field_93_64,field_93_65,field_93_66,field_93_67,field_93_68,field_93_69,field_93_70,field_93_71,field_93_72,field_93_73,field_93_74,field_93_75,field_93_76,field_93_77,field_93_78,field_93_79,field_93_80,field_93_81,field_93_82,field_93_83,field_93_84,field_93_85,field_93_86,field_93_87,field_93_88,field_93_89,field_93_90,field_93_91,field_93_92,field_93_93,field_93_94,field_93_95,field_93_96,field_93_97,field_93_98,field_93_99
94,Alice,alice@example.com,39,São Paulo,field_94_5,field_94_6,field_94_7,field_94_8,москва,field_94_10,field_94_11,field_94_12,field_94_13,field_94_14,field_94_15,field_94_16,field_94_17,field_94_18,field_94_19,field_94_20,field_94_21,field_94_22,field_94_23,field_94_24,field_94_25,field_94_26,field_94_27,field_94_28,🚀,field_94_30,résumé,field_94_32,field_94_33,field_94_34,field_94_35,field_94_36,field_94_37,field_94_38,field_94_39,field_94_40,field_94_41,field_94_42,field_94_43,field_94_44,field_94_45,field_94_46,field_94_47,field_94_48,field_94_49,field_94_50,field_94_51,field_94_52,field_94_53,field_94_54,field_94_55,field_94_56,field_94_57,field_94_58,field_94_59,field_94_60,field_94_61,field_94_62,field_94_63,field_94_64,field_94_65,field_94_66,field_94_67,field_94_68,field_94_69,field_94_70,field_94_71,field_94_72,field_94_73,field_94_74,field_94_75,field_94_76,field_94_77,field_94_78,field_94_79,field_94_80,field_94_81,field_94_82,field_94_83,field_94_84,field_94_85,field_94_86,field_94_87,field_94_88,field_94_89,field_94_90,field_94_91,field_94_92,field_94_93,field_94_94,field_94_95,field_94_96,field_94_97,field_94_98,field_94_99
95,Bob,grace@example.com,40,Sydney,field_95_5,field_95_6,field_95_7,field_95_8,field_95_9,field_95_10,field_95_11,field_95_12,field_95_13,москва,field_95_15,field_95_16,field_95_17,🚀,field_95_19,field_95_20,field_95_21,field_95_22,field_95_23,field_95_24,field_95_25,field_95_26,field_95_27,field_95_28,field_95_29,field_95_30,field_95_31,field_95_32,field_95_33,field_95_34,field_95_35,field_95_36,field_95_37,field_95_38,field_95_39,field_95_40,field_95_41,field_95_42,field_95_43,field_95_44,field_95_45,field_95_46,field_95_47,field_95_48,field_95_49,field_95_50,field_95_51,field_95_52,café,field_95_54,field_95_55,field_95_56,field_95_57,field_95_58,field_95_59,field_95_60,field_95_61,field_95_62,field_95_63,Zürich,field_95_65,field_95_66,field_95_67,field_95_68,field_95_69,field_95_70,field_95_71,field_95_72,field_95_73,field_95_74,field_95_75,field_95_76,field_95_77,field_95_78,field_95_79,field_95_80,field_95_81,field_95_82,field_95_83,field_95_84,field_95_85,field_95_86,field_95_87,field_95_88,field_95_89,field_95_90,field_95_91,field_95_92,field_95_93,field_95_94,field_95_95,field_95_96,field_95_97,field_95_98,field_95_99
96,Alice,bob@example.com,41,New York,field_96_5,field_96_6,field_96_7,field_96_8,field_96_9,field_96_10,field_96_11,field_96_12,field_96_13,café,field_96_15,field_96_16,field_96_17,field_96_18,field_96_19,field_96_20,field_96_21,field_96_22,field_96_23,field_96_24,field_96_25,field_96_26,field_96_27,field_96_28,field_96_29,field_96_30,field_96_31,field_96_32,field_96_33,field_96_34,field_96_35,field_96_36,field_96_37,field_96_38,field_96_39,field_96_40,field_96_41,field_96_42,field_96_43,field_96_44,field_96_45,field_96_46,field_96_47,field_96_48,field_96_49,field_96_50,field_96_51,field_96_52,field_96_53,field_96_54,field_96_55,field_96_56,field_96_57,field_96_58,field_96_59,field_96_60,field_96_61,field_96_62,field_96_63,field_96_64,field_96_65,field_96_66,field_96_67,field_96_68,field_96_69,field_96_70,field_96_71,field_96_72,field_96_73,field_96_74,field_96_75,field_96_76,field_96_77,field_96_78,field_96_79,field_96_80,field_96_81,field_96_82,field_96_83,field_96_84,field_96_85,field_96_86,field_96_87,field_96_88,field_96_89,field_96_90,field_96_91,field_96_92,field_96_93,field_96_94,field_96_95,field_96_96,field_96_97,field_96_98,field_96_99
97,Alice,grace@example.com,42,🚀,field_97_5,field_97_6,field_97_7,field_97_8,field_97_9,field_97_10,field_97_11,field_97_12,field_97_13,field_97_14,field_97_15,field_97_16,field_97_17,field_97_18,field_97_19,field_97_20,Zürich,field_97_22,field_97_23,field_97_24,field_97_25,field_97_26,field_97_27,field_97_28,field_97_29,field_97_30,field_97_31,field_97_32,field_97_33,field_97_34,field_97_35,field_97_36,field_97_37,field_97_38,field_97_39,field_97_40,field_97_41,field_97_42,field_97_43,field_97_44,field_97_45,field_97_46,field_97_47,field_97_48,field_97_49,field_97_50,field_97_51,field_97_52,field_97_53,field_97_54,field_97_55,field_97_56,field_97_57,field_97_58,field_97_59,field_97_60,field_97_61,field_97_62,field_97_63,field_97_64,field_97_65,Zürich,field_97_67,field_97_68,field_97_69,field_97_70,field_97_71,field_97_72,field_97_73,field_97_74,field_97_75,field_97_76,field_97_77,field_97_78,field_97_79,field_97_80,field_97_81,field_97_82,field_97_83,field_97_84,field_97_85,field_97_86,field_97_87,field_97_88,field_97_89,field_97_90,field_97_91,field_97_92,field_97_93,field_97_94,field_97_95,field_97_96,field_97_97,field_97_98,field_97_99
98,Frank,diana@example.com,43,Paris,field_98_5,field_98_6,field_98_7,field_98_8,field_98_9,field_98_10,field_98_11,field_98_12,field_98_13,field_98_14,field_98_15,field_98_16,field_98_17,field_98_18,field_98_19,field_98_20,field_98_21,field_98_22,field_98_23,field_98_24,field_98_25,field_98_26,field_98_27,field_98_28,field_98_29,field_98_30,field_98_31,field_98_32,field_98_33,field_98_34,field_98_35,field_98_36,field_98_37,field_98_38,field_98_39,field_98_40,field_98_41,field_98_42,field_98_43,field_98_44,field_98_45,field_98_46,field_98_47,field_98_48,field_98_49,field_98_50,field_98_51,field_98_52,field_98_53,field_98_54,field_98_55,field_98_56,field_98_57,field_98_58,field_98_59,field_98_60,field_98_61,field_98_62,field_98_63,field_98_64,field_98_65,field_98_66,field_98_67,field_98_68,field_98_69,field_98_70,field_98_71,field_98_72,field_98_73,field_98_74,field_98_75,field_98_76,field_98_77,field_98_78,field_98_79,field_98_80,field_98_81,field_98_82,field_98_83,field_98_84,field_98_85,field_98_86,field_98_87,field_98_88,field_98_89,field_98_90,field_98_91,field_98_92,field_98_93,field_98_94,field_98_95,field_98_96,field_98_97,field_98_98,field_98_99
99,café,frank@example.com,44,São Paulo,field_99_5,field_99_6,field_99_7,field_99_8,field_99_9,field_99_10,field_99_11,field_99_12,field_99_13,field_99_14,field_99_15,field_99_16,field_99_17,field_99_18,field_99_19,field_99_20,field_99_21,field_99_22,field_99_23,field_99_24,field_99_25,field_99_26,field_99_27,field_99_28,field_99_29,field_99_30,field_99_31,field_99_32,field_99_33,field_99_34,field_99_35,field_99_36,field_99_37,field_99_38,field_99_39,field_99_40,field_99_41,field_99_42,field_99_43,field_99_44,field_99_45,field_99_46,field_99_47,field_99_48,field_99_49,field_99_50,field_99_51,field_99_52,field_99_53,field_99_54,field_99_55,field_99_56,field_99_57,field_99_58,field_99_59,field_99_60,field_99_61,field_99_62,field_99_63,field_99_64,field_99_65,field_99_66,field_99_67,field_99_68,field_99_69,field_99_70,field_99_71,field_99_72,field_99_73,field_99_74,field_99_75,field_99_76,field_99_77,field_99_78,field_99_79,field_99_80,field_99_81,field_99_82,field_99_83,field_99_84,field_99_85,field_99_86,field_99_87,field_99_88,field_99_89,field_99_90,field_99_91,field_99_92,field_99_93,field_99_94,field_99_95,field_99_96,field_99_97,field_99_98,field_99_99
